0,1,2,3,4,5,6,7,8,9,10,11,12,13,14,15,16,17,18,19,20,21,22,23,0,1,2,3,4,5,6,7,8,9,10,11,12,13,14,15,16,17,18,19,20,21,22,23,heat_on,y_true,y_pred_Random Forest,y_pred_Logistic Regression,y_pred_SVC,y_pred_KNN,y_pred_Gradient Boosting
6.7,6.550000000000001,6.45,6.3500000000000005,6.300000000000001,6.300000000000001,6.25,6.3500000000000005,7.3,8.849999999999998,10.6,12.65,14.55,15.9,16.45,16.05,15.1,14.05,12.95,12.2,11.75,11.3,10.85,10.4,0.0,0.0,0.0,0.0,0.0,0.0,0.0,6.0,9.0,12.0,15.0,12.0,9.0,11.0,15.0,18.0,13.0,0.0,0.0,0.0,0.0,0.0,0.0,0.0,1.0,0.0,0.0,0.0,0.0,0.0,0.0
9.85,9.15,8.450000000000001,7.95,7.6,7.3,7.050000000000001,7.050000000000001,8.0,9.7,11.45,13.15,14.65,15.75,16.5,16.900000000000002,16.8,16.150000000000002,15.05,13.9,12.95,12.0,11.05,10.1,0.0,0.0,0.0,0.0,0.0,0.0,0.0,4.0,10.0,14.0,16.0,12.0,9.0,13.0,15.0,20.0,15.0,0.0,0.0,0.0,0.0,0.0,0.0,0.0,1.0,0.0,0.0,0.0,0.0,0.0,0.0
9.2,8.4,7.6,7.0,6.6000000000000005,6.25,5.95,5.95,7.1000000000000005,9.1,11.1,12.95,14.45,15.5,16.05,16.2,15.9,15.05,13.75,12.65,11.95,11.2,10.45,9.7,0.0,0.0,0.0,0.0,0.0,0.0,0.0,0.0,0.0,0.0,0.0,0.0,0.0,0.0,0.0,0.0,0.0,0.0,0.0,0.0,0.0,0.0,0.0,0.0,0.0,3.0,3.0,3.0,0.0,3.0,3.0
9.15,8.8,8.349999999999998,8.0,7.8,7.65,7.5,7.65,9.1,11.5,13.8,15.8,17.400000000000002,18.6,19.4,19.700000000000003,19.4,18.5,17.150000000000002,16.0,15.2,14.4,13.65,12.9,0.0,0.0,0.0,0.0,0.0,0.0,0.0,0.0,0.0,0.0,0.0,0.0,0.0,0.0,0.0,0.0,0.0,0.0,0.0,0.0,0.0,0.0,0.0,0.0,0.0,3.0,3.0,3.0,3.0,3.0,3.0
12.15,11.45,10.75,10.2,9.75,9.4,9.15,9.2,10.55,12.75,14.9,16.85,18.5,19.85,20.700000000000003,21.05,20.9,20.1,18.7,17.2,16.150000000000002,15.5,14.85,14.15,0.0,0.0,0.0,0.0,0.0,0.0,0.0,6.0,9.0,14.0,16.0,13.0,11.0,15.0,18.0,20.0,16.0,0.0,0.0,0.0,0.0,0.0,0.0,0.0,1.0,0.0,0.0,0.0,3.0,3.0,0.0
13.55,13.1,12.7,12.35,12.1,11.95,11.8,11.8,12.0,12.6,13.65,14.9,16.3,17.150000000000002,17.400000000000002,17.2,16.5,15.8,15.25,14.7,14.1,13.4,12.95,12.65,0.0,0.0,0.0,0.0,0.0,0.0,0.0,5.0,11.0,16.0,19.0,17.0,13.0,16.0,19.0,20.0,16.0,0.0,0.0,0.0,0.0,0.0,0.0,0.0,0.0,3.0,3.0,3.0,3.0,3.0,3.0
12.1,11.5,10.9,10.45,10.15,9.85,9.6,9.6,10.15,11.15,12.15,13.2,14.2,15.05,15.65,15.8,15.65,15.15,14.4,13.6,12.85,12.15,11.4,10.65,0.0,0.0,0.0,0.0,0.0,0.0,0.0,3.0,6.0,8.0,13.0,11.0,9.0,12.0,16.0,20.0,17.0,0.0,0.0,0.0,0.0,0.0,0.0,0.0,0.0,3.0,3.0,3.0,0.0,0.0,3.0
10.0,9.4,8.8,8.349999999999998,8.05,7.75,7.5,7.7,9.0,11.1,13.05,14.7,16.3,17.6,18.45,18.9,18.8,18.1,16.900000000000002,15.5,14.3,13.3,12.3,11.3,0.0,0.0,0.0,0.0,0.0,0.0,0.0,6.0,10.0,12.0,16.0,14.0,10.0,13.0,15.0,20.0,16.0,0.0,0.0,0.0,0.0,0.0,0.0,0.0,1.0,0.0,0.0,0.0,0.0,0.0,0.0
10.3,9.3,8.3,7.5,6.95,6.5,6.25,6.65,8.0,10.05,12.3,14.4,16.2,17.6,18.6,19.15,19.15,18.5,17.3,15.8,14.6,13.8,12.95,12.1,0.0,0.0,0.0,0.0,0.0,0.0,0.0,3.0,9.0,12.0,16.0,13.0,9.0,11.0,16.0,18.0,14.0,0.0,0.0,0.0,0.0,0.0,0.0,0.0,1.0,0.0,0.0,0.0,0.0,0.0,0.0
11.45,10.9,10.35,9.95,9.65,9.4,9.3,9.45,9.95,10.7,11.4,12.0,12.55,12.95,13.15,13.1,12.8,12.5,12.1,11.6,11.2,10.75,10.1,9.8,0.0,0.0,0.0,0.0,0.0,0.0,0.0,0.0,0.0,0.0,0.0,0.0,0.0,0.0,0.0,0.0,0.0,0.0,0.0,0.0,0.0,0.0,0.0,0.0,0.0,3.0,3.0,3.0,0.0,3.0,3.0
9.9,9.75,9.5,9.45,9.45,9.1,9.0,9.6,10.6,11.8,12.25,12.15,12.55,13.6,14.55,15.0,15.05,14.85,14.6,14.1,13.35,12.45,11.55,10.65,0.0,0.0,0.0,0.0,0.0,0.0,0.0,0.0,0.0,0.0,0.0,0.0,0.0,0.0,0.0,0.0,0.0,0.0,0.0,0.0,0.0,0.0,0.0,0.0,0.0,3.0,3.0,3.0,3.0,3.0,3.0
9.65,8.599999999999998,7.6,6.8500000000000005,6.300000000000001,5.800000000000001,5.6000000000000005,6.1000000000000005,7.5,9.5,11.65,13.65,15.4,16.8,17.7,18.15,18.1,17.45,16.25,14.75,13.6,12.85,12.1,11.35,0.0,0.0,0.0,0.0,0.0,0.0,0.0,6.0,11.0,13.0,17.0,15.0,12.0,17.0,20.0,20.0,15.0,0.0,0.0,0.0,0.0,0.0,0.0,0.0,1.0,0.0,0.0,0.0,0.0,0.0,0.0
10.8,10.4,10.0,9.7,9.55,9.45,9.4,9.65,10.5,11.25,11.9,13.8,16.35,17.650000000000002,17.900000000000002,17.7,17.05,16.35,15.65,14.9,14.1,13.25,12.4,11.55,0.0,0.0,0.0,0.0,0.0,0.0,0.0,6.0,10.0,13.0,15.0,13.0,10.0,15.0,19.0,20.0,16.0,0.0,0.0,0.0,0.0,0.0,0.0,0.0,1.0,0.0,0.0,0.0,0.0,3.0,0.0
10.55,9.4,8.25,7.4,6.800000000000001,6.300000000000001,6.1000000000000005,6.550000000000001,7.7,9.3,11.2,13.05,14.5,15.6,16.35,16.75,16.85,16.45,15.45,14.15,13.0,12.0,11.05,10.1,0.0,0.0,0.0,0.0,0.0,0.0,0.0,4.0,10.0,15.0,19.0,16.0,13.0,15.0,19.0,20.0,15.0,0.0,0.0,0.0,0.0,0.0,0.0,0.0,1.0,0.0,0.0,0.0,0.0,0.0,0.0
9.3,8.75,8.200000000000001,7.8,7.55,7.3,7.2,7.5,8.5,9.55,10.4,11.35,12.15,12.65,12.85,12.75,12.3,11.7,11.05,10.4,9.85,9.45,9.1,8.700000000000001,0.0,0.0,0.0,0.0,0.0,0.0,0.0,5.0,11.0,14.0,18.0,14.0,10.0,12.0,16.0,18.0,15.0,0.0,0.0,0.0,0.0,0.0,0.0,0.0,1.0,0.0,0.0,0.0,0.0,0.0,0.0
8.349999999999998,8.099999999999998,7.85,7.65,7.5,7.4,7.4,7.7,8.75,10.35,11.8,12.9,13.8,14.45,14.9,15.15,14.9,14.15,13.25,12.3,11.6,11.15,10.65,10.15,0.0,0.0,0.0,0.0,0.0,0.0,0.0,4.0,8.0,10.0,15.0,12.0,9.0,13.0,18.0,20.0,16.0,0.0,0.0,0.0,0.0,0.0,0.0,0.0,1.0,0.0,0.0,0.0,0.0,0.0,0.0
9.6,9.0,8.450000000000001,8.05,7.75,7.5,7.4,7.8,8.9,10.4,11.95,13.5,14.9,15.95,16.650000000000002,17.05,17.1,16.7,15.9,14.8,13.9,13.3,12.75,12.2,0.0,0.0,0.0,0.0,0.0,0.0,0.0,0.0,0.0,0.0,0.0,0.0,0.0,0.0,0.0,0.0,0.0,0.0,0.0,0.0,0.0,0.0,0.0,0.0,1.0,0.0,0.0,0.0,3.0,0.0,0.0
11.7,11.3,10.85,10.5,10.3,10.15,10.1,10.7,12.15,13.95,15.8,17.5,19.05,20.35,21.25,21.75,21.8,21.3,20.25,18.9,17.650000000000002,16.5,15.3,14.1,0.0,0.0,0.0,0.0,0.0,0.0,0.0,0.0,0.0,0.0,0.0,0.0,0.0,0.0,0.0,0.0,0.0,0.0,0.0,0.0,0.0,0.0,0.0,0.0,1.0,0.0,0.0,0.0,3.0,3.0,0.0
12.95,11.75,10.5,9.55,8.849999999999998,8.3,8.05,8.599999999999998,10.1,11.95,13.8,15.5,16.95,18.05,18.85,19.3,19.25,18.65,17.6,16.3,14.95,13.65,12.35,11.05,0.0,0.0,0.0,0.0,0.0,0.0,0.0,0.0,0.0,0.0,0.0,0.0,0.0,0.0,0.0,0.0,0.0,0.0,0.0,0.0,0.0,0.0,0.0,0.0,0.0,3.0,3.0,3.0,3.0,3.0,3.0
9.95,9.05,8.099999999999998,7.4,6.95,6.5,6.300000000000001,6.8500000000000005,8.15,9.8,11.55,13.1,14.4,15.45,16.2,16.6,16.6,16.1,15.15,13.95,12.9,12.1,11.35,10.6,0.0,0.0,0.0,0.0,0.0,0.0,0.0,6.0,11.0,14.0,17.0,15.0,11.0,13.0,16.0,18.0,13.0,0.0,0.0,0.0,0.0,0.0,0.0,0.0,1.0,0.0,0.0,0.0,0.0,0.0,0.0
10.0,9.6,9.15,8.8,8.599999999999998,8.450000000000001,8.4,8.9,10.15,11.65,13.2,14.65,15.8,16.7,17.2,17.35,17.3,16.85,16.05,15.1,14.2,13.35,12.5,11.7,0.0,0.0,0.0,0.0,0.0,0.0,0.0,6.0,12.0,14.0,19.0,17.0,15.0,19.0,20.0,20.0,17.0,0.0,0.0,0.0,0.0,0.0,0.0,0.0,1.0,0.0,0.0,0.0,0.0,3.0,0.0
10.9,10.1,9.3,8.700000000000001,8.3,7.95,7.8,8.200000000000001,9.15,10.35,11.55,12.55,13.4,14.0,14.35,14.55,14.45,14.05,13.4,12.5,11.75,11.1,10.35,9.65,0.0,0.0,0.0,0.0,0.0,0.0,0.0,5.0,9.0,11.0,15.0,13.0,10.0,14.0,19.0,20.0,17.0,0.0,0.0,0.0,0.0,0.0,0.0,0.0,1.0,0.0,0.0,0.0,0.0,0.0,0.0
9.05,8.599999999999998,8.200000000000001,7.85,7.6,7.4,7.3,7.8,9.0,10.45,11.85,13.15,14.35,15.25,15.85,16.2,16.2,15.8,15.0,14.0,13.15,12.5,11.85,11.15,0.0,0.0,0.0,0.0,0.0,0.0,0.0,3.0,7.0,10.0,13.0,10.0,8.0,11.0,13.0,18.0,13.0,0.0,0.0,0.0,0.0,0.0,0.0,0.0,1.0,0.0,0.0,0.0,0.0,3.0,0.0
10.5,9.9,9.3,8.9,8.65,8.4,8.3,8.700000000000001,9.7,11.0,12.3,13.45,14.4,15.15,15.65,15.85,15.75,15.3,14.6,13.75,12.95,12.25,11.5,10.75,0.0,0.0,0.0,0.0,0.0,0.0,0.0,0.0,0.0,0.0,0.0,0.0,0.0,0.0,0.0,0.0,0.0,0.0,0.0,0.0,0.0,0.0,0.0,0.0,0.0,3.0,3.0,3.0,3.0,3.0,3.0
10.1,9.5,8.9,8.450000000000001,8.15,7.9,7.85,8.599999999999998,10.15,11.9,13.65,15.1,16.25,17.25,17.650000000000002,17.45,17.0,16.400000000000002,15.6,14.55,13.5,12.45,11.35,10.25,0.0,0.0,0.0,0.0,0.0,0.0,0.0,0.0,0.0,0.0,0.0,0.0,0.0,0.0,0.0,0.0,0.0,0.0,0.0,0.0,0.0,0.0,0.0,0.0,0.0,3.0,3.0,3.0,3.0,3.0,3.0
9.25,8.3,7.35,6.6000000000000005,6.050000000000001,5.6000000000000005,5.4,6.1000000000000005,7.6,9.3,11.1,12.75,14.1,15.15,15.85,16.2,16.2,15.75,14.8,13.5,12.45,11.7,10.95,10.25,0.0,0.0,0.0,0.0,0.0,0.0,0.0,6.0,12.0,14.0,17.0,14.0,11.0,13.0,15.0,17.0,13.0,0.0,0.0,0.0,0.0,0.0,0.0,0.0,1.0,0.0,0.0,0.0,0.0,0.0,0.0
9.75,9.45,9.15,8.9,8.75,8.65,8.65,9.3,10.75,12.25,13.7,15.0,15.9,16.7,17.45,17.85,17.75,17.400000000000002,16.75,15.8,14.8,13.8,12.85,11.9,0.0,0.0,0.0,0.0,0.0,0.0,0.0,3.0,7.0,11.0,15.0,11.0,7.0,9.0,14.0,17.0,13.0,0.0,0.0,0.0,0.0,0.0,0.0,0.0,1.0,0.0,0.0,0.0,3.0,3.0,0.0
10.9,9.85,8.8,8.05,7.5,7.0,6.800000000000001,7.45,8.9,10.55,12.25,13.8,15.0,15.75,16.2,16.5,16.55,16.150000000000002,15.25,14.05,13.1,12.5,11.9,11.3,0.0,0.0,0.0,0.0,0.0,0.0,0.0,4.0,9.0,11.0,13.0,11.0,9.0,11.0,15.0,18.0,13.0,0.0,0.0,0.0,0.0,0.0,0.0,0.0,1.0,0.0,0.0,0.0,0.0,3.0,0.0
10.95,10.85,10.75,10.65,10.6,10.55,10.6,11.75,13.7,15.55,17.85,19.6,20.4,21.05,21.5,21.85,21.75,21.05,20.05,18.85,17.6,16.400000000000002,15.2,13.95,0.0,0.0,0.0,0.0,0.0,0.0,0.0,3.0,8.0,10.0,15.0,12.0,10.0,12.0,15.0,20.0,15.0,0.0,0.0,0.0,0.0,0.0,0.0,0.0,0.0,3.0,3.0,3.0,3.0,3.0,3.0
12.7,11.4,10.0,8.950000000000001,8.25,7.65,7.45,8.099999999999998,9.5,11.0,12.4,13.75,14.95,15.9,16.55,16.95,17.0,16.55,15.65,14.45,13.3,12.25,11.2,10.15,0.0,0.0,0.0,0.0,0.0,0.0,0.0,3.0,8.0,10.0,15.0,13.0,11.0,14.0,16.0,19.0,16.0,0.0,0.0,0.0,0.0,0.0,0.0,0.0,0.0,3.0,3.0,3.0,0.0,0.0,3.0
9.35,8.9,8.450000000000001,8.099999999999998,7.9,7.7,7.65,7.8,8.0,8.15,8.3,8.5,10.1,12.6,14.35,15.05,15.0,14.5,13.65,13.0,12.4,11.85,11.3,10.75,0.0,0.0,0.0,0.0,0.0,0.0,0.0,0.0,0.0,0.0,0.0,0.0,0.0,0.0,0.0,0.0,0.0,0.0,0.0,0.0,0.0,0.0,0.0,0.0,0.0,3.0,3.0,3.0,0.0,3.0,3.0
10.1,9.35,8.65,8.05,7.65,7.35,7.2,7.5,8.099999999999998,8.65,9.15,9.65,10.15,10.55,10.6,10.9,11.25,11.05,10.65,10.15,9.6,9.0,8.3,7.55,0.0,0.0,0.0,0.0,0.0,0.0,0.0,0.0,0.0,0.0,0.0,0.0,0.0,0.0,0.0,0.0,0.0,0.0,0.0,0.0,0.0,0.0,0.0,0.0,1.0,0.0,0.0,0.0,0.0,0.0,0.0
7.2,7.0,6.6000000000000005,6.300000000000001,6.050000000000001,5.800000000000001,5.800000000000001,6.25,6.95,7.6,8.200000000000001,8.8,9.3,9.25,9.35,9.9,10.0,9.75,9.4,8.950000000000001,8.55,8.200000000000001,7.9,7.8,0.0,0.0,0.0,0.0,0.0,0.0,0.0,4.0,7.0,11.0,15.0,12.0,9.0,13.0,16.0,20.0,17.0,0.0,0.0,0.0,0.0,0.0,0.0,0.0,1.0,1.0,1.0,1.0,1.0,1.0,1.0
7.75,7.35,7.3,7.6,7.45,6.7,6.8500000000000005,7.9,8.700000000000001,9.65,10.3,11.05,11.9,12.4,12.65,12.8,12.85,12.65,12.25,11.75,11.0,10.05,9.3,8.599999999999998,0.0,0.0,0.0,0.0,0.0,0.0,0.0,6.0,11.0,16.0,19.0,16.0,13.0,16.0,20.0,20.0,15.0,0.0,0.0,0.0,0.0,0.0,0.0,0.0,1.0,1.0,1.0,1.0,1.0,1.0,0.0
7.85,7.050000000000001,6.15,5.5,5.050000000000001,4.6000000000000005,4.5,5.3500000000000005,7.0,8.950000000000001,10.8,12.25,13.3,14.0,14.5,14.75,14.7,14.35,13.6,12.4,11.1,9.9,8.700000000000001,7.55,0.0,0.0,0.0,0.0,0.0,0.0,0.0,5.0,8.0,13.0,18.0,14.0,10.0,14.0,18.0,20.0,16.0,0.0,0.0,0.0,0.0,0.0,0.0,0.0,1.0,0.0,0.0,0.0,0.0,0.0,0.0
6.6000000000000005,5.800000000000001,4.95,4.3,3.85,3.45,3.45,4.1000000000000005,5.4,6.9,8.200000000000001,8.8,9.2,9.9,10.3,10.5,10.65,10.7,10.4,9.55,8.65,7.95,7.25,6.550000000000001,0.0,0.0,0.0,0.0,0.0,0.0,0.0,4.0,8.0,11.0,13.0,11.0,8.0,13.0,18.0,20.0,17.0,0.0,0.0,0.0,0.0,0.0,0.0,0.0,1.0,1.0,1.0,0.0,1.0,1.0,1.0
6.0,5.6000000000000005,5.2,4.9,4.7,4.55,4.6000000000000005,5.25,6.45,7.75,9.35,11.4,13.15,14.15,14.4,13.95,13.1,12.05,11.0,10.0,9.25,8.700000000000001,8.099999999999998,7.55,0.0,0.0,0.0,0.0,0.0,0.0,0.0,6.0,12.0,17.0,20.0,16.0,12.0,16.0,20.0,20.0,15.0,0.0,0.0,0.0,0.0,0.0,0.0,0.0,1.0,1.0,1.0,1.0,1.0,0.0,1.0
6.95,6.2,5.45,4.8500000000000005,4.4,4.05,4.05,5.15,7.1000000000000005,9.1,11.05,12.85,14.35,15.5,16.3,16.650000000000002,16.55,15.95,14.8,13.35,12.2,11.45,10.7,9.9,0.0,0.0,0.0,0.0,0.0,0.0,0.0,0.0,0.0,0.0,0.0,0.0,0.0,0.0,0.0,0.0,0.0,0.0,0.0,0.0,0.0,0.0,0.0,0.0,1.0,0.0,0.0,0.0,0.0,0.0,0.0
9.35,9.0,8.599999999999998,8.25,8.0,7.8,7.9,9.05,11.0,12.95,14.9,16.8,18.4,19.65,20.450000000000003,20.85,20.85,20.25,19.1,17.650000000000002,16.55,15.85,15.2,14.55,0.0,0.0,0.0,0.0,0.0,0.0,0.0,0.0,0.0,0.0,0.0,0.0,0.0,0.0,0.0,0.0,0.0,0.0,0.0,0.0,0.0,0.0,0.0,0.0,1.0,0.0,0.0,0.0,3.0,3.0,0.0
13.95,13.4,12.85,12.45,12.2,12.0,11.95,12.4,13.3,14.35,15.3,16.1,16.8,17.25,17.55,17.75,17.7,17.35,16.85,16.2,15.35,14.3,13.5,12.9,0.0,0.0,0.0,0.0,0.0,0.0,0.0,5.0,9.0,12.0,15.0,11.0,9.0,14.0,18.0,20.0,15.0,0.0,0.0,0.0,0.0,0.0,0.0,0.0,1.0,0.0,0.0,0.0,3.0,3.0,0.0
12.2,11.5,10.7,10.0,9.65,9.5,9.45,9.9,10.8,11.8,12.75,13.6,14.35,14.9,15.15,15.2,15.1,14.75,14.2,13.5,12.75,12.0,11.2,10.4,0.0,0.0,0.0,0.0,0.0,0.0,0.0,6.0,11.0,16.0,20.0,18.0,16.0,20.0,20.0,20.0,16.0,0.0,0.0,0.0,0.0,0.0,0.0,0.0,1.0,0.0,0.0,0.0,0.0,0.0,0.0
9.75,9.2,8.65,8.25,7.95,7.7,7.8,8.950000000000001,10.95,13.05,14.95,16.6,18.0,19.05,19.8,20.15,20.05,19.450000000000003,18.35,17.0,15.85,14.95,14.1,13.25,0.0,0.0,0.0,0.0,0.0,0.0,0.0,3.0,7.0,11.0,16.0,13.0,9.0,13.0,17.0,19.0,16.0,0.0,0.0,0.0,0.0,0.0,0.0,0.0,1.0,0.0,0.0,0.0,3.0,3.0,0.0
12.5,11.9,11.25,10.75,10.4,10.1,10.1,10.35,11.1,12.3,13.25,14.0,14.6,15.0,15.3,15.4,15.25,14.9,14.4,13.75,13.05,12.4,11.75,11.1,0.0,0.0,0.0,0.0,0.0,0.0,0.0,6.0,9.0,11.0,13.0,10.0,7.0,10.0,12.0,14.0,10.0,0.0,0.0,0.0,0.0,0.0,0.0,0.0,1.0,0.0,0.0,0.0,3.0,3.0,0.0
10.55,10.0,9.6,9.35,9.1,9.0,9.25,10.2,11.75,13.6,15.6,17.45,19.0,20.15,20.950000000000003,21.55,21.75,21.35,20.4,19.05,17.75,16.6,15.4,14.2,0.0,0.0,0.0,0.0,0.0,0.0,0.0,3.0,8.0,12.0,14.0,11.0,8.0,13.0,18.0,20.0,17.0,0.0,0.0,0.0,0.0,0.0,0.0,0.0,1.0,0.0,0.0,0.0,3.0,3.0,0.0
13.1,12.0,11.1,10.5,9.95,9.65,9.95,11.1,12.9,14.9,16.85,18.8,20.6,22.05,23.05,23.55,23.6,23.05,21.85,20.200000000000003,18.6,17.3,16.1,14.85,0.0,0.0,0.0,0.0,0.0,0.0,0.0,0.0,0.0,0.0,0.0,0.0,0.0,0.0,0.0,0.0,0.0,0.0,0.0,0.0,0.0,0.0,0.0,0.0,0.0,3.0,3.0,3.0,3.0,3.0,3.0
13.85,13.15,12.65,12.3,11.95,11.75,12.1,13.1,14.3,15.7,17.35,19.3,21.05,22.15,22.75,23.0,23.0,22.700000000000003,22.0,20.85,19.700000000000003,18.7,17.8,16.95,0.0,0.0,0.0,0.0,0.0,0.0,0.0,0.0,0.0,0.0,0.0,0.0,0.0,0.0,0.0,0.0,0.0,0.0,0.0,0.0,0.0,0.0,0.0,0.0,0.0,3.0,3.0,3.0,3.0,3.0,3.0
16.25,15.75,15.35,15.05,14.8,14.7,14.9,15.5,16.5,17.75,19.1,20.35,21.4,22.3,22.85,23.05,23.0,22.65,21.9,20.8,19.55,18.2,16.8,15.4,0.0,0.0,0.0,0.0,0.0,0.0,0.0,4.0,7.0,10.0,12.0,9.0,6.0,11.0,15.0,20.0,16.0,0.0,0.0,0.0,0.0,0.0,0.0,0.0,0.0,3.0,3.0,3.0,3.0,3.0,3.0
14.1,12.7,11.4,10.5,9.8,9.45,9.4,9.55,10.1,11.05,12.0,12.9,13.9,14.45,14.15,13.45,12.85,12.3,11.7,11.15,10.75,10.4,10.1,9.8,0.0,0.0,0.0,0.0,0.0,0.0,0.0,6.0,10.0,15.0,19.0,17.0,15.0,19.0,20.0,20.0,17.0,0.0,0.0,0.0,0.0,0.0,0.0,0.0,0.0,3.0,3.0,3.0,0.0,1.0,3.0
9.65,9.8,9.9,9.95,10.0,10.05,10.3,10.9,11.8,12.95,14.3,15.4,16.150000000000002,16.85,17.400000000000002,17.6,17.7,17.6,16.95,16.150000000000002,15.55,15.1,14.65,14.05,0.0,0.0,0.0,0.0,0.0,0.0,0.0,0.0,0.0,0.0,0.0,0.0,0.0,0.0,0.0,0.0,0.0,0.0,0.0,0.0,0.0,0.0,0.0,0.0,0.0,3.0,3.0,3.0,3.0,3.0,3.0
13.6,13.15,12.8,12.65,12.4,12.3,12.6,13.1,13.9,14.9,15.75,16.650000000000002,17.0,17.35,17.8,17.650000000000002,17.3,16.75,16.150000000000002,15.65,15.05,14.4,13.8,13.15,0.0,0.0,0.0,0.0,0.0,0.0,0.0,5.0,10.0,14.0,18.0,14.0,10.0,14.0,17.0,20.0,17.0,0.0,0.0,0.0,0.0,0.0,0.0,0.0,0.0,3.0,3.0,3.0,3.0,3.0,3.0
12.55,12.0,11.55,11.25,10.95,10.8,11.2,12.35,14.0,15.75,17.400000000000002,18.95,20.200000000000003,21.1,21.75,22.15,22.25,21.950000000000003,21.15,19.950000000000003,18.55,17.150000000000002,15.8,14.4,0.0,0.0,0.0,0.0,0.0,0.0,0.0,4.0,10.0,15.0,17.0,15.0,13.0,15.0,17.0,19.0,14.0,0.0,0.0,0.0,0.0,0.0,0.0,0.0,0.0,3.0,3.0,3.0,3.0,3.0,3.0
13.1,11.9,10.95,10.3,9.7,9.35,9.75,10.9,12.4,14.05,15.7,17.2,18.55,19.700000000000003,20.5,20.9,20.950000000000003,20.55,19.6,18.3,17.05,16.0,14.95,13.85,0.0,0.0,0.0,0.0,0.0,0.0,0.0,0.0,0.0,0.0,0.0,0.0,0.0,0.0,0.0,0.0,0.0,0.0,0.0,0.0,0.0,0.0,0.0,0.0,0.0,3.0,3.0,3.0,3.0,3.0,3.0
13.05,12.5,12.05,11.75,11.5,11.35,11.85,13.15,14.65,16.2,17.7,19.05,20.35,21.4,22.05,22.25,22.0,21.35,20.35,19.15,18.1,17.3,16.45,15.6,0.0,0.0,0.0,0.0,0.0,0.0,0.0,0.0,0.0,0.0,0.0,0.0,0.0,0.0,0.0,0.0,0.0,0.0,0.0,0.0,0.0,0.0,0.0,0.0,0.0,3.0,3.0,3.0,3.0,3.0,3.0
14.9,14.25,13.75,13.4,13.1,12.95,13.1,14.05,15.3,16.35,17.7,19.05,19.8,20.35,20.950000000000003,21.25,21.35,21.25,20.85,20.1,19.05,18.0,17.0,16.0,0.0,0.0,0.0,0.0,0.0,0.0,0.0,3.0,7.0,9.0,12.0,10.0,6.0,9.0,12.0,16.0,11.0,0.0,0.0,0.0,0.0,0.0,0.0,0.0,0.0,3.0,3.0,3.0,3.0,3.0,3.0
15.2,14.5,13.9,13.5,13.15,12.95,13.3,14.25,15.45,16.8,18.2,19.6,20.9,21.9,22.55,22.950000000000003,23.0,22.65,21.9,20.8,19.85,19.15,18.45,17.85,0.0,0.0,0.0,0.0,0.0,0.0,0.0,6.0,9.0,14.0,19.0,15.0,12.0,14.0,18.0,20.0,16.0,0.0,0.0,0.0,0.0,0.0,0.0,0.0,0.0,3.0,3.0,3.0,3.0,3.0,3.0
17.45,17.150000000000002,16.95,16.650000000000002,16.150000000000002,16.2,16.650000000000002,17.150000000000002,17.8,18.3,18.3,19.1,20.3,20.700000000000003,20.9,20.9,20.950000000000003,20.9,20.55,20.1,19.5,18.75,18.1,17.45,0.0,0.0,0.0,0.0,0.0,0.0,0.0,0.0,0.0,0.0,0.0,0.0,0.0,0.0,0.0,0.0,0.0,0.0,0.0,0.0,0.0,0.0,0.0,0.0,0.0,3.0,3.0,3.0,3.0,3.0,3.0
16.8,16.2,15.75,15.45,15.15,15.0,15.2,15.9,16.3,16.7,17.95,18.85,19.25,19.700000000000003,20.1,20.25,20.05,19.55,18.85,18.25,17.75,17.2,16.55,15.85,0.0,0.0,0.0,0.0,0.0,0.0,0.0,0.0,0.0,0.0,0.0,0.0,0.0,0.0,0.0,0.0,0.0,0.0,0.0,0.0,0.0,0.0,0.0,0.0,0.0,3.0,3.0,3.0,3.0,3.0,3.0
15.25,14.75,14.35,14.05,13.8,13.7,14.15,15.5,16.900000000000002,17.7,18.6,19.8,20.8,21.3,21.450000000000003,21.6,21.65,21.15,20.3,19.450000000000003,18.55,17.75,17.150000000000002,16.6,0.0,0.0,0.0,0.0,0.0,0.0,0.0,6.0,10.0,15.0,17.0,13.0,9.0,12.0,17.0,20.0,15.0,0.0,0.0,0.0,0.0,0.0,0.0,0.0,0.0,3.0,3.0,3.0,3.0,3.0,3.0
15.9,15.5,15.45,15.3,15.1,15.0,15.25,16.0,16.55,17.05,18.1,19.15,20.15,21.05,21.6,21.85,21.75,21.4,20.75,19.950000000000003,19.25,18.75,18.4,18.15,0.0,0.0,0.0,0.0,0.0,0.0,0.0,0.0,0.0,0.0,0.0,0.0,0.0,0.0,0.0,0.0,0.0,0.0,0.0,0.0,0.0,0.0,0.0,0.0,0.0,3.0,3.0,3.0,3.0,3.0,3.0
18.0,17.75,17.650000000000002,17.7,17.7,17.7,17.95,18.6,19.5,20.35,21.25,22.3,23.25,24.0,24.200000000000003,24.450000000000003,24.8,24.65,24.25,23.65,22.950000000000003,22.0,20.75,19.450000000000003,0.0,0.0,0.0,0.0,0.0,0.0,0.0,0.0,0.0,0.0,0.0,0.0,0.0,0.0,0.0,0.0,0.0,0.0,0.0,0.0,0.0,0.0,0.0,0.0,0.0,3.0,3.0,3.0,3.0,3.0,3.0
18.25,17.05,16.05,15.4,14.85,14.55,14.95,15.95,17.150000000000002,18.55,20.0,21.5,22.9,23.950000000000003,24.700000000000003,25.15,25.3,25.0,24.3,23.25,21.950000000000003,20.8,19.75,18.65,0.0,0.0,0.0,0.0,0.0,0.0,0.0,5.0,11.0,13.0,18.0,14.0,12.0,16.0,18.0,20.0,17.0,0.0,0.0,0.0,0.0,0.0,0.0,0.0,0.0,3.0,3.0,3.0,3.0,3.0,3.0
17.900000000000002,17.55,17.25,16.95,16.650000000000002,16.45,17.05,18.7,20.950000000000003,23.450000000000003,25.85,27.15,27.450000000000003,27.65,27.6,27.25,26.6,25.65,24.5,23.25,22.0,20.75,19.450000000000003,18.2,0.0,0.0,0.0,0.0,0.0,0.0,0.0,5.0,11.0,13.0,17.0,13.0,10.0,14.0,18.0,20.0,16.0,0.0,0.0,0.0,0.0,0.0,0.0,0.0,0.0,3.0,3.0,3.0,3.0,3.0,3.0
17.35,16.8,16.35,16.1,15.9,15.8,16.1,16.6,17.1,18.15,19.700000000000003,21.25,22.6,23.85,25.200000000000003,25.700000000000003,25.55,25.5,25.1,24.3,23.3,22.15,20.85,19.5,0.0,0.0,0.0,0.0,0.0,0.0,0.0,3.0,9.0,13.0,17.0,13.0,9.0,11.0,14.0,19.0,14.0,0.0,0.0,0.0,0.0,0.0,0.0,0.0,0.0,3.0,3.0,3.0,3.0,3.0,3.0
18.25,17.1,16.2,15.6,15.05,14.75,15.15,16.35,17.95,19.8,21.6,22.950000000000003,23.75,24.200000000000003,24.3,23.9,23.3,22.6,21.8,20.9,19.85,18.7,17.55,16.400000000000002,0.0,0.0,0.0,0.0,0.0,0.0,0.0,6.0,12.0,16.0,20.0,17.0,15.0,20.0,20.0,20.0,16.0,0.0,0.0,0.0,0.0,0.0,0.0,0.0,0.0,3.0,3.0,3.0,3.0,3.0,3.0
15.5,14.9,14.45,14.1,13.8,13.7,14.4,16.05,17.6,18.75,19.9,21.1,22.3,23.3,23.85,23.8,23.35,22.700000000000003,21.8,20.8,19.8,18.5,17.05,15.7,0.0,0.0,0.0,0.0,0.0,0.0,0.0,5.0,9.0,13.0,18.0,14.0,12.0,16.0,20.0,20.0,17.0,0.0,0.0,0.0,0.0,0.0,0.0,0.0,0.0,3.0,3.0,3.0,3.0,3.0,3.0
14.45,13.25,12.25,11.55,10.95,10.7,11.2,12.45,14.0,15.6,17.05,18.2,19.200000000000003,20.1,20.700000000000003,20.950000000000003,20.9,20.4,19.450000000000003,18.35,17.2,15.95,14.65,13.3,0.0,0.0,0.0,0.0,0.0,0.0,0.0,0.0,0.0,0.0,0.0,0.0,0.0,0.0,0.0,0.0,0.0,0.0,0.0,0.0,0.0,0.0,0.0,0.0,0.0,3.0,3.0,3.0,3.0,3.0,3.0
12.25,11.5,10.9,10.5,10.1,9.9,10.6,12.2,14.1,16.1,18.0,19.8,21.4,22.65,23.55,24.0,24.1,23.75,22.8,21.450000000000003,19.9,18.25,16.55,14.85,0.0,0.0,0.0,0.0,0.0,0.0,0.0,0.0,0.0,0.0,0.0,0.0,0.0,0.0,0.0,0.0,0.0,0.0,0.0,0.0,0.0,0.0,0.0,0.0,0.0,3.0,3.0,3.0,3.0,3.0,3.0
13.4,12.1,11.0,10.25,9.6,9.3,9.9,11.3,13.0,14.8,16.5,18.05,19.450000000000003,20.55,21.3,21.700000000000003,21.700000000000003,21.25,20.3,18.95,17.55,16.1,14.5,12.85,0.0,0.0,0.0,0.0,0.0,0.0,0.0,0.0,0.0,0.0,0.0,0.0,0.0,0.0,0.0,0.0,0.0,0.0,0.0,0.0,0.0,0.0,0.0,0.0,0.0,3.0,3.0,3.0,3.0,3.0,3.0
11.55,10.55,9.7,9.1,8.599999999999998,8.4,8.950000000000001,10.35,12.1,13.85,15.55,17.05,18.35,19.450000000000003,20.200000000000003,20.65,20.700000000000003,20.3,19.4,18.15,16.85,15.35,13.65,11.95,0.0,0.0,0.0,0.0,0.0,0.0,0.0,4.0,8.0,11.0,15.0,12.0,10.0,13.0,18.0,20.0,15.0,0.0,0.0,0.0,0.0,0.0,0.0,0.0,0.0,3.0,3.0,3.0,3.0,3.0,3.0
10.5,9.25,8.25,7.55,6.95,6.7,7.3,8.65,10.35,12.2,13.95,15.5,16.85,17.900000000000002,18.6,19.05,19.1,18.65,17.8,16.6,15.2,13.7,12.05,10.35,0.0,0.0,0.0,0.0,0.0,0.0,0.0,5.0,9.0,11.0,15.0,12.0,8.0,10.0,13.0,18.0,14.0,0.0,0.0,0.0,0.0,0.0,0.0,0.0,0.0,3.0,3.0,3.0,3.0,3.0,3.0
9.05,8.05,7.2,6.65,6.15,5.9,6.550000000000001,8.0,9.75,11.6,13.35,15.0,16.400000000000002,17.400000000000002,18.15,18.6,18.65,18.3,17.5,16.3,14.85,13.45,12.2,10.95,0.0,0.0,0.0,0.0,0.0,0.0,0.0,5.0,11.0,14.0,16.0,12.0,9.0,12.0,17.0,20.0,17.0,0.0,0.0,0.0,0.0,0.0,0.0,0.0,0.0,3.0,3.0,3.0,0.0,0.0,3.0
9.95,9.25,8.75,8.4,8.05,7.9,8.65,10.4,12.45,14.6,16.650000000000002,17.75,18.1,18.4,18.55,18.55,18.25,17.7,16.900000000000002,15.8,14.65,13.5,12.3,11.1,0.0,0.0,0.0,0.0,0.0,0.0,0.0,4.0,9.0,13.0,17.0,13.0,9.0,14.0,19.0,20.0,16.0,0.0,0.0,0.0,0.0,0.0,0.0,0.0,0.0,3.0,3.0,3.0,3.0,3.0,3.0
10.15,9.45,8.9,8.55,8.25,8.099999999999998,8.599999999999998,9.85,11.3,12.75,14.15,15.4,16.45,17.25,17.8,18.05,18.05,17.8,17.150000000000002,16.2,15.15,14.05,12.95,11.9,0.0,0.0,0.0,0.0,0.0,0.0,0.0,0.0,0.0,0.0,0.0,0.0,0.0,0.0,0.0,0.0,0.0,0.0,0.0,0.0,0.0,0.0,0.0,0.0,0.0,3.0,3.0,3.0,3.0,3.0,3.0
11.05,10.3,9.7,9.3,8.950000000000001,8.849999999999998,9.45,10.65,12.05,13.6,15.15,16.5,17.55,18.4,19.05,19.4,19.4,19.05,18.3,17.3,16.25,15.05,13.75,12.4,0.0,0.0,0.0,0.0,0.0,0.0,0.0,0.0,0.0,0.0,0.0,0.0,0.0,0.0,0.0,0.0,0.0,0.0,0.0,0.0,0.0,0.0,0.0,0.0,0.0,3.0,3.0,3.0,3.0,3.0,3.0
11.25,10.25,9.5,9.05,8.65,8.5,9.0,9.95,10.7,11.85,13.1,13.75,13.55,12.7,12.35,12.25,11.95,11.5,10.95,10.45,9.9,9.2,8.8,8.55,0.0,0.0,0.0,0.0,0.0,0.0,0.0,4.0,10.0,14.0,17.0,15.0,12.0,15.0,20.0,20.0,17.0,0.0,0.0,0.0,0.0,0.0,0.0,0.0,0.0,3.0,3.0,3.0,0.0,3.0,3.0
8.05,7.6,7.4,7.4,7.35,7.3,7.45,8.05,8.849999999999998,9.95,11.25,12.25,12.95,13.0,12.55,12.1,11.7,11.4,11.2,10.4,9.9,9.7,9.3,9.1,0.0,0.0,0.0,0.0,0.0,0.0,0.0,5.0,10.0,13.0,17.0,15.0,13.0,15.0,20.0,20.0,17.0,0.0,0.0,0.0,0.0,0.0,0.0,0.0,0.0,3.0,3.0,3.0,0.0,1.0,3.0
8.75,8.4,8.05,7.75,7.55,7.55,7.95,8.75,9.8,11.15,12.4,13.35,14.3,15.15,15.7,16.0,16.1,15.9,15.35,14.55,13.65,13.0,12.6,12.15,0.0,0.0,0.0,0.0,0.0,0.0,0.0,3.0,6.0,11.0,14.0,12.0,8.0,10.0,12.0,14.0,11.0,0.0,0.0,0.0,0.0,0.0,0.0,0.0,0.0,3.0,3.0,3.0,0.0,3.0,3.0
11.75,11.65,11.7,11.65,11.6,11.65,12.1,12.95,13.7,14.15,14.8,15.9,17.1,18.45,19.950000000000003,21.0,21.4,21.4,21.1,20.5,19.65,18.5,17.25,16.1,0.0,0.0,0.0,0.0,0.0,0.0,0.0,5.0,11.0,15.0,20.0,16.0,14.0,19.0,20.0,20.0,17.0,0.0,0.0,0.0,0.0,0.0,0.0,0.0,0.0,3.0,3.0,3.0,3.0,3.0,3.0
14.9,13.7,12.5,11.5,10.8,10.5,10.85,11.7,12.95,14.45,16.0,16.75,16.8,16.900000000000002,16.85,16.7,16.5,16.150000000000002,15.6,14.95,14.15,13.2,12.2,11.15,0.0,0.0,0.0,0.0,0.0,0.0,0.0,6.0,10.0,12.0,16.0,12.0,9.0,13.0,18.0,20.0,16.0,0.0,0.0,0.0,0.0,0.0,0.0,0.0,0.0,3.0,3.0,3.0,3.0,3.0,3.0
10.5,10.25,10.0,9.8,9.65,9.6,10.35,12.0,13.95,16.0,18.05,19.15,19.25,19.35,19.35,19.15,18.75,18.15,17.45,16.650000000000002,15.7,14.85,14.15,13.45,0.0,0.0,0.0,0.0,0.0,0.0,0.0,0.0,0.0,0.0,0.0,0.0,0.0,0.0,0.0,0.0,0.0,0.0,0.0,0.0,0.0,0.0,0.0,0.0,0.0,3.0,3.0,3.0,3.0,3.0,3.0
12.9,12.5,12.2,11.95,11.75,11.7,12.1,12.95,13.9,15.0,16.2,17.3,18.3,19.05,19.450000000000003,19.65,19.6,19.200000000000003,18.55,17.85,17.1,16.55,16.25,15.95,0.0,0.0,0.0,0.0,0.0,0.0,0.0,0.0,0.0,0.0,0.0,0.0,0.0,0.0,0.0,0.0,0.0,0.0,0.0,0.0,0.0,0.0,0.0,0.0,0.0,3.0,3.0,3.0,3.0,3.0,3.0
15.65,15.6,15.7,15.7,15.7,15.75,16.05,16.55,17.25,18.0,18.7,19.65,20.700000000000003,21.75,22.85,23.85,24.55,24.9,24.950000000000003,24.6,23.85,22.6,21.0,19.4,0.0,0.0,0.0,0.0,0.0,0.0,0.0,3.0,6.0,9.0,14.0,10.0,7.0,10.0,13.0,16.0,11.0,0.0,0.0,0.0,0.0,0.0,0.0,0.0,0.0,3.0,3.0,3.0,3.0,3.0,3.0
17.8,16.05,14.65,13.7,12.85,12.45,13.05,14.45,16.05,17.7,19.35,20.9,22.200000000000003,23.200000000000003,23.8,24.05,24.0,23.55,22.6,21.3,19.85,18.45,17.25,16.1,0.0,0.0,0.0,0.0,0.0,0.0,0.0,4.0,7.0,11.0,14.0,10.0,8.0,10.0,13.0,18.0,14.0,0.0,0.0,0.0,0.0,0.0,0.0,0.0,0.0,3.0,3.0,3.0,3.0,3.0,3.0
15.35,15.05,14.85,14.7,14.55,14.55,15.4,16.8,17.900000000000002,18.85,19.55,20.6,21.55,22.0,22.6,22.950000000000003,22.75,22.25,21.65,20.9,20.05,19.1,18.15,17.25,0.0,0.0,0.0,0.0,0.0,0.0,0.0,6.0,9.0,12.0,15.0,13.0,9.0,11.0,15.0,18.0,13.0,0.0,0.0,0.0,0.0,0.0,0.0,0.0,0.0,3.0,3.0,3.0,3.0,3.0,3.0
16.400000000000002,15.65,15.1,14.65,14.25,14.1,14.4,15.05,15.75,16.45,17.150000000000002,17.8,18.35,18.8,19.1,19.25,19.200000000000003,18.9,18.45,17.650000000000002,17.0,16.650000000000002,16.150000000000002,15.6,0.0,0.0,0.0,0.0,0.0,0.0,0.0,6.0,9.0,12.0,17.0,14.0,12.0,17.0,19.0,20.0,17.0,0.0,0.0,0.0,0.0,0.0,0.0,0.0,0.0,3.0,3.0,3.0,3.0,3.0,3.0
15.2,15.0,14.8,14.65,14.55,14.5,14.95,15.95,17.150000000000002,18.45,19.8,21.1,22.1,22.9,23.55,23.9,24.0,23.8,23.25,22.4,21.4,20.65,20.1,19.55,0.0,0.0,0.0,0.0,0.0,0.0,0.0,5.0,11.0,15.0,18.0,15.0,11.0,16.0,19.0,20.0,17.0,0.0,0.0,0.0,0.0,0.0,0.0,0.0,0.0,3.0,3.0,3.0,3.0,3.0,3.0
19.1,18.75,18.4,18.2,18.1,18.05,18.35,18.9,19.55,20.3,21.0,21.55,22.05,22.450000000000003,22.75,22.950000000000003,23.0,22.950000000000003,22.75,22.200000000000003,21.65,21.05,19.75,18.75,0.0,0.0,0.0,0.0,0.0,0.0,0.0,0.0,0.0,0.0,0.0,0.0,0.0,0.0,0.0,0.0,0.0,0.0,0.0,0.0,0.0,0.0,0.0,0.0,0.0,3.0,3.0,3.0,3.0,3.0,3.0
18.5,18.05,17.55,17.2,16.85,16.7,16.95,17.5,18.35,19.25,19.9,20.4,20.8,21.3,22.0,22.450000000000003,22.450000000000003,22.6,22.75,22.450000000000003,21.8,21.1,20.5,19.9,0.0,0.0,0.0,0.0,0.0,0.0,0.0,0.0,0.0,0.0,0.0,0.0,0.0,0.0,0.0,0.0,0.0,0.0,0.0,0.0,0.0,0.0,0.0,0.0,0.0,3.0,3.0,3.0,3.0,3.0,3.0
19.450000000000003,19.200000000000003,19.0,18.8,18.65,18.7,19.65,21.55,23.75,26.05,28.3,29.65,30.05,30.35,30.55,30.55,30.35,29.8,28.950000000000003,27.9,26.700000000000003,25.15,23.25,21.35,0.0,0.0,0.0,0.0,0.0,0.0,0.0,3.0,9.0,14.0,19.0,17.0,15.0,20.0,20.0,20.0,15.0,0.0,0.0,0.0,0.0,0.0,0.0,0.0,0.0,3.0,3.0,3.0,3.0,3.0,3.0
19.6,18.0,16.75,15.85,15.1,14.8,15.4,16.75,18.3,19.950000000000003,21.6,23.1,24.35,25.3,25.950000000000003,26.3,26.3,25.9,25.1,23.950000000000003,22.55,20.75,18.65,16.650000000000002,0.0,0.0,0.0,0.0,0.0,0.0,0.0,3.0,6.0,8.0,13.0,9.0,7.0,9.0,11.0,14.0,11.0,0.0,0.0,0.0,0.0,0.0,0.0,0.0,0.0,3.0,3.0,3.0,3.0,3.0,3.0
15.1,13.8,12.75,12.0,11.35,11.1,11.85,13.45,15.25,17.05,18.85,20.65,22.15,23.3,24.1,24.5,24.55,24.15,23.200000000000003,21.85,20.3,18.9,17.75,16.7,0.0,0.0,0.0,0.0,0.0,0.0,0.0,6.0,11.0,14.0,18.0,16.0,14.0,16.0,18.0,20.0,17.0,0.0,0.0,0.0,0.0,0.0,0.0,0.0,0.0,3.0,3.0,3.0,3.0,3.0,3.0
16.0,15.65,15.4,15.2,15.0,14.85,15.0,15.3,15.6,16.0,16.400000000000002,16.75,17.05,17.25,17.35,17.400000000000002,17.400000000000002,17.2,16.8,16.55,16.1,15.7,15.7,14.9,0.0,0.0,0.0,0.0,0.0,0.0,0.0,5.0,9.0,12.0,14.0,11.0,8.0,11.0,13.0,16.0,12.0,0.0,0.0,0.0,0.0,0.0,0.0,0.0,0.0,3.0,3.0,3.0,3.0,3.0,3.0
14.65,15.35,15.5,15.45,15.35,15.35,16.0,17.1,18.9,20.9,21.65,21.6,21.65,22.200000000000003,22.65,22.5,22.25,21.75,20.85,20.05,19.35,18.8,18.35,17.95,0.0,0.0,0.0,0.0,0.0,0.0,0.0,4.0,8.0,12.0,16.0,12.0,8.0,12.0,16.0,20.0,15.0,0.0,0.0,0.0,0.0,0.0,0.0,0.0,0.0,3.0,3.0,3.0,3.0,3.0,3.0
17.650000000000002,17.3,17.05,16.900000000000002,16.7,16.650000000000002,17.2,18.05,19.25,20.75,21.950000000000003,23.3,24.6,25.35,25.700000000000003,26.1,26.5,26.4,25.85,25.0,23.950000000000003,23.0,22.15,21.3,0.0,0.0,0.0,0.0,0.0,0.0,0.0,0.0,0.0,0.0,0.0,0.0,0.0,0.0,0.0,0.0,0.0,0.0,0.0,0.0,0.0,0.0,0.0,0.0,0.0,3.0,3.0,3.0,3.0,3.0,3.0
20.55,19.9,19.450000000000003,19.1,18.8,18.7,18.8,19.3,19.8,20.35,21.700000000000003,23.5,24.700000000000003,25.700000000000003,26.6,27.05,27.4,27.35,27.1,26.55,25.65,24.450000000000003,22.950000000000003,21.4,0.0,0.0,0.0,0.0,0.0,0.0,0.0,0.0,0.0,0.0,0.0,0.0,0.0,0.0,0.0,0.0,0.0,0.0,0.0,0.0,0.0,0.0,0.0,0.0,0.0,3.0,3.0,3.0,3.0,3.0,3.0
19.9,18.5,17.45,16.7,16.05,15.75,15.85,16.150000000000002,16.900000000000002,17.7,18.2,18.7,19.15,19.450000000000003,19.6,19.65,19.4,18.65,18.05,17.8,17.35,16.650000000000002,15.75,14.8,0.0,0.0,0.0,0.0,0.0,0.0,0.0,3.0,8.0,12.0,15.0,13.0,11.0,14.0,18.0,20.0,15.0,0.0,0.0,0.0,0.0,0.0,0.0,0.0,0.0,3.0,3.0,3.0,3.0,3.0,3.0
14.15,13.75,13.4,13.15,12.9,12.9,13.7,15.3,17.1,19.1,21.200000000000003,23.05,24.65,25.950000000000003,26.85,27.35,27.5,27.200000000000003,26.3,24.950000000000003,23.450000000000003,22.1,20.950000000000003,19.8,0.0,0.0,0.0,0.0,0.0,0.0,0.0,4.0,10.0,14.0,17.0,14.0,12.0,14.0,19.0,20.0,15.0,0.0,0.0,0.0,0.0,0.0,0.0,0.0,0.0,3.0,3.0,3.0,3.0,3.0,3.0
18.85,18.1,17.5,17.1,16.75,16.650000000000002,17.150000000000002,18.5,19.700000000000003,20.55,21.65,22.35,22.6,23.15,24.0,24.65,25.05,25.3,25.3,24.8,23.85,22.55,21.0,19.4,0.0,0.0,0.0,0.0,0.0,0.0,0.0,3.0,7.0,9.0,14.0,11.0,8.0,12.0,17.0,20.0,16.0,0.0,0.0,0.0,0.0,0.0,0.0,0.0,0.0,3.0,3.0,3.0,3.0,3.0,3.0
18.1,17.0,16.1,15.45,14.9,14.7,15.3,16.6,18.15,19.9,21.65,23.3,24.8,25.950000000000003,26.75,27.200000000000003,27.25,26.9,26.1,24.9,23.450000000000003,22.1,20.85,19.55,0.0,0.0,0.0,0.0,0.0,0.0,0.0,3.0,8.0,13.0,17.0,13.0,9.0,14.0,19.0,20.0,16.0,0.0,0.0,0.0,0.0,0.0,0.0,0.0,0.0,3.0,3.0,3.0,3.0,3.0,3.0
18.6,18.0,17.5,17.150000000000002,16.85,16.75,17.5,19.200000000000003,21.25,23.4,25.5,27.4,29.05,30.3,31.15,31.65,31.75,31.35,30.4,29.05,27.5,26.1,24.85,23.6,0.0,0.0,0.0,0.0,0.0,0.0,0.0,6.0,10.0,13.0,17.0,14.0,10.0,12.0,17.0,20.0,15.0,0.0,0.0,0.0,0.0,0.0,0.0,0.0,0.0,3.0,3.0,3.0,3.0,3.0,3.0
22.6,21.8,21.200000000000003,20.75,20.35,20.25,21.0,22.6,24.5,26.450000000000003,28.35,30.1,31.55,32.7,33.550000000000004,34.1,34.300000000000004,34.0,33.25,32.1,30.700000000000003,29.15,27.450000000000003,25.75,0.0,0.0,0.0,0.0,0.0,0.0,0.0,0.0,0.0,0.0,0.0,0.0,0.0,0.0,0.0,0.0,0.0,0.0,0.0,0.0,0.0,0.0,0.0,0.0,0.0,3.0,3.0,3.0,3.0,3.0,3.0
24.25,22.8,21.6,20.8,20.1,19.8,20.5,22.05,23.85,25.700000000000003,27.5,29.15,30.5,31.55,32.300000000000004,32.7,32.75,32.35,31.5,30.3,28.85,27.200000000000003,25.35,23.5,0.0,0.0,0.0,0.0,0.0,0.0,0.0,0.0,0.0,0.0,0.0,0.0,0.0,0.0,0.0,0.0,0.0,0.0,0.0,0.0,0.0,0.0,0.0,0.0,0.0,3.0,3.0,3.0,3.0,3.0,3.0
22.1,21.0,20.1,19.5,18.95,18.75,19.5,21.05,22.8,24.65,26.450000000000003,28.05,29.450000000000003,30.55,31.25,31.65,31.75,31.4,30.6,29.450000000000003,28.1,26.450000000000003,24.55,22.65,0.0,0.0,0.0,0.0,0.0,0.0,0.0,6.0,9.0,13.0,18.0,14.0,10.0,14.0,17.0,20.0,16.0,0.0,0.0,0.0,0.0,0.0,0.0,0.0,0.0,3.0,3.0,3.0,3.0,3.0,3.0
21.0,19.6,18.5,17.75,17.150000000000002,16.900000000000002,17.55,19.15,21.1,23.1,25.0,26.75,28.3,29.5,30.3,30.75,30.85,30.450000000000003,29.55,28.25,26.700000000000003,24.950000000000003,23.05,21.200000000000003,0.0,0.0,0.0,0.0,0.0,0.0,0.0,6.0,9.0,12.0,17.0,13.0,10.0,13.0,15.0,19.0,15.0,0.0,0.0,0.0,0.0,0.0,0.0,0.0,0.0,3.0,3.0,3.0,3.0,3.0,3.0
19.700000000000003,18.45,17.55,17.0,16.45,16.25,17.0,18.55,20.4,22.450000000000003,24.450000000000003,26.25,27.8,29.0,29.85,30.35,30.450000000000003,30.05,29.15,27.85,26.3,24.55,22.65,20.75,0.0,0.0,0.0,0.0,0.0,0.0,0.0,5.0,11.0,15.0,17.0,14.0,10.0,14.0,18.0,20.0,16.0,0.0,0.0,0.0,0.0,0.0,0.0,0.0,0.0,3.0,3.0,3.0,3.0,3.0,3.0
19.200000000000003,18.0,17.05,16.35,15.75,15.55,16.25,17.7,19.450000000000003,21.35,23.200000000000003,24.9,26.35,27.5,28.35,28.85,28.950000000000003,28.6,27.8,26.6,25.15,23.3,21.1,18.95,0.0,0.0,0.0,0.0,0.0,0.0,0.0,3.0,8.0,12.0,15.0,13.0,9.0,13.0,17.0,20.0,15.0,0.0,0.0,0.0,0.0,0.0,0.0,0.0,0.0,3.0,3.0,3.0,3.0,3.0,3.0
17.25,15.85,14.7,13.9,13.2,12.9,13.55,15.0,16.7,18.55,20.4,22.1,23.6,24.8,25.65,26.15,26.25,25.9,25.05,23.75,22.200000000000003,20.35,18.35,16.45,0.0,0.0,0.0,0.0,0.0,0.0,0.0,4.0,7.0,10.0,14.0,10.0,7.0,11.0,14.0,18.0,14.0,0.0,0.0,0.0,0.0,0.0,0.0,0.0,0.0,3.0,3.0,3.0,3.0,3.0,3.0
14.9,13.65,12.6,11.85,11.25,10.95,11.5,12.85,14.4,16.0,17.55,19.05,20.450000000000003,21.6,22.4,22.85,22.9,22.5,21.700000000000003,20.5,19.0,18.2,18.15,18.05,0.0,0.0,0.0,0.0,0.0,0.0,0.0,0.0,0.0,0.0,0.0,0.0,0.0,0.0,0.0,0.0,0.0,0.0,0.0,0.0,0.0,0.0,0.0,0.0,0.0,3.0,3.0,3.0,3.0,3.0,3.0
18.3,18.95,19.65,20.15,20.5,20.75,21.1,21.9,22.85,23.450000000000003,24.4,25.65,26.450000000000003,27.1,27.6,27.9,28.05,28.0,27.700000000000003,27.200000000000003,26.65,26.1,25.65,25.25,0.0,0.0,0.0,0.0,0.0,0.0,0.0,0.0,0.0,0.0,0.0,0.0,0.0,0.0,0.0,0.0,0.0,0.0,0.0,0.0,0.0,0.0,0.0,0.0,0.0,3.0,3.0,3.0,3.0,3.0,3.0
24.65,23.9,23.3,22.85,22.450000000000003,22.3,22.65,23.35,24.15,25.1,26.1,27.05,27.85,28.4,28.700000000000003,28.85,28.85,28.5,28.05,27.55,26.85,25.75,24.200000000000003,22.6,0.0,0.0,0.0,0.0,0.0,0.0,0.0,4.0,10.0,14.0,17.0,14.0,11.0,15.0,19.0,20.0,16.0,0.0,0.0,0.0,0.0,0.0,0.0,0.0,0.0,3.0,3.0,3.0,3.0,3.0,3.0
21.200000000000003,19.950000000000003,18.9,18.15,17.650000000000002,17.5,17.85,18.7,19.700000000000003,20.75,21.75,22.6,23.4,23.9,23.85,23.450000000000003,22.85,22.1,21.35,20.65,19.950000000000003,19.200000000000003,18.35,17.5,0.0,0.0,0.0,0.0,0.0,0.0,0.0,3.0,9.0,14.0,16.0,14.0,11.0,16.0,20.0,20.0,15.0,0.0,0.0,0.0,0.0,0.0,0.0,0.0,0.0,3.0,3.0,3.0,3.0,3.0,3.0
16.900000000000002,16.45,16.150000000000002,16.0,15.85,15.85,16.05,16.45,16.95,17.45,17.8,18.05,18.35,18.65,18.85,18.85,18.65,18.25,17.85,17.3,17.2,17.25,16.7,16.1,0.0,0.0,0.0,0.0,0.0,0.0,0.0,3.0,8.0,13.0,18.0,15.0,11.0,15.0,19.0,20.0,17.0,0.0,0.0,0.0,0.0,0.0,0.0,0.0,0.0,3.0,3.0,3.0,3.0,3.0,3.0
15.6,15.15,14.75,14.45,14.2,14.1,14.75,16.2,17.85,19.700000000000003,21.6,23.4,25.0,26.200000000000003,27.05,27.6,27.8,27.55,26.85,25.75,24.35,23.1,22.1,21.1,0.0,0.0,0.0,0.0,0.0,0.0,0.0,6.0,12.0,15.0,18.0,14.0,12.0,16.0,20.0,20.0,15.0,0.0,0.0,0.0,0.0,0.0,0.0,0.0,0.0,3.0,3.0,3.0,3.0,3.0,3.0
20.3,19.700000000000003,19.200000000000003,18.85,18.55,18.45,19.200000000000003,20.65,22.4,24.35,26.05,27.4,28.55,29.55,30.35,30.85,31.05,31.05,30.700000000000003,29.8,28.5,26.8,24.75,22.65,0.0,0.0,0.0,0.0,0.0,0.0,0.0,6.0,11.0,16.0,18.0,16.0,14.0,18.0,20.0,20.0,17.0,0.0,0.0,0.0,0.0,0.0,0.0,0.0,0.0,3.0,3.0,3.0,3.0,3.0,3.0
20.75,18.95,17.55,16.650000000000002,15.85,15.5,16.2,17.75,19.700000000000003,21.85,23.85,25.65,27.200000000000003,28.450000000000003,29.3,29.75,29.8,29.35,28.4,27.05,25.4,23.700000000000003,22.1,20.450000000000003,0.0,0.0,0.0,0.0,0.0,0.0,0.0,0.0,0.0,0.0,0.0,0.0,0.0,0.0,0.0,0.0,0.0,0.0,0.0,0.0,0.0,0.0,0.0,0.0,0.0,3.0,3.0,3.0,3.0,3.0,3.0
19.3,18.6,18.0,17.7,17.45,17.3,18.0,19.65,21.6,23.700000000000003,25.8,27.6,29.1,30.35,31.200000000000003,31.65,31.75,31.4,30.55,29.3,27.85,26.4,25.0,23.6,0.0,0.0,0.0,0.0,0.0,0.0,0.0,0.0,0.0,0.0,0.0,0.0,0.0,0.0,0.0,0.0,0.0,0.0,0.0,0.0,0.0,0.0,0.0,0.0,0.0,3.0,3.0,3.0,3.0,3.0,3.0
22.4,21.4,20.6,20.0,19.5,19.3,20.0,21.55,23.35,25.25,27.1,28.8,30.25,31.4,32.25,32.75,32.85,32.550000000000004,31.8,30.65,29.25,27.8,26.4,25.05,0.0,0.0,0.0,0.0,0.0,0.0,0.0,6.0,10.0,15.0,17.0,13.0,11.0,13.0,17.0,20.0,17.0,0.0,0.0,0.0,0.0,0.0,0.0,0.0,0.0,3.0,3.0,3.0,3.0,3.0,3.0
24.0,23.200000000000003,22.55,22.05,21.6,21.4,22.25,24.1,26.25,28.55,30.75,32.050000000000004,32.5,32.800000000000004,32.95,32.9,32.550000000000004,31.950000000000003,31.05,29.9,28.700000000000003,27.200000000000003,25.4,23.55,0.0,0.0,0.0,0.0,0.0,0.0,0.0,4.0,7.0,11.0,15.0,11.0,7.0,11.0,13.0,15.0,12.0,0.0,0.0,0.0,0.0,0.0,0.0,0.0,0.0,3.0,3.0,3.0,3.0,3.0,3.0
22.0,20.700000000000003,19.6,18.8,18.15,17.85,18.5,20.1,22.0,24.05,26.05,27.85,29.450000000000003,30.700000000000003,31.6,32.15,32.300000000000004,32.0,31.15,29.85,28.3,26.6,24.8,23.0,0.0,0.0,0.0,0.0,0.0,0.0,0.0,5.0,9.0,12.0,16.0,12.0,8.0,12.0,14.0,19.0,15.0,0.0,0.0,0.0,0.0,0.0,0.0,0.0,0.0,3.0,3.0,3.0,3.0,3.0,3.0
21.55,20.4,19.450000000000003,18.8,18.25,17.95,18.6,20.25,22.200000000000003,24.25,26.3,27.450000000000003,27.700000000000003,27.9,28.0,27.9,27.6,27.05,26.25,25.25,24.15,22.6,20.55,18.55,0.0,0.0,0.0,0.0,0.0,0.0,0.0,4.0,10.0,15.0,20.0,16.0,12.0,14.0,17.0,19.0,14.0,0.0,0.0,0.0,0.0,0.0,0.0,0.0,0.0,3.0,3.0,3.0,3.0,3.0,3.0
16.95,15.6,14.55,13.8,13.1,12.8,13.3,14.45,15.9,17.35,18.8,20.3,21.55,22.450000000000003,23.0,23.3,23.35,23.1,22.4,21.3,20.0,18.75,17.7,16.7,0.0,0.0,0.0,0.0,0.0,0.0,0.0,5.0,8.0,12.0,17.0,14.0,12.0,16.0,20.0,20.0,15.0,0.0,0.0,0.0,0.0,0.0,0.0,0.0,0.0,3.0,3.0,3.0,3.0,3.0,3.0
16.1,15.85,15.6,15.4,15.25,15.2,15.85,17.150000000000002,18.7,20.5,22.35,24.15,25.75,27.0,27.9,28.6,29.0,28.950000000000003,28.4,27.4,26.1,24.6,23.0,21.450000000000003,0.0,0.0,0.0,0.0,0.0,0.0,0.0,0.0,0.0,0.0,0.0,0.0,0.0,0.0,0.0,0.0,0.0,0.0,0.0,0.0,0.0,0.0,0.0,0.0,0.0,3.0,3.0,3.0,3.0,3.0,3.0
20.0,18.6,17.55,16.85,16.25,15.95,16.1,16.7,17.45,18.35,19.5,20.55,21.0,21.35,21.85,22.15,22.3,22.200000000000003,21.700000000000003,20.9,20.1,19.3,18.55,17.85,0.0,0.0,0.0,0.0,0.0,0.0,0.0,0.0,0.0,0.0,0.0,0.0,0.0,0.0,0.0,0.0,0.0,0.0,0.0,0.0,0.0,0.0,0.0,0.0,0.0,3.0,3.0,3.0,3.0,3.0,3.0
17.5,17.5,17.5,17.5,17.5,17.5,17.8,18.6,19.700000000000003,20.950000000000003,22.4,23.65,24.9,26.15,26.950000000000003,27.6,27.9,27.8,27.450000000000003,26.8,25.9,24.5,22.700000000000003,20.9,0.0,0.0,0.0,0.0,0.0,0.0,0.0,6.0,12.0,17.0,19.0,17.0,15.0,19.0,20.0,20.0,17.0,0.0,0.0,0.0,0.0,0.0,0.0,0.0,0.0,3.0,3.0,3.0,3.0,3.0,3.0
19.05,17.150000000000002,15.65,14.5,13.5,13.0,13.2,13.95,15.0,16.150000000000002,17.2,18.25,19.25,20.0,20.450000000000003,20.65,20.6,20.200000000000003,19.4,18.3,17.1,15.7,14.15,12.6,0.0,0.0,0.0,0.0,0.0,0.0,0.0,4.0,9.0,14.0,19.0,17.0,14.0,17.0,20.0,20.0,17.0,0.0,0.0,0.0,0.0,0.0,0.0,0.0,0.0,3.0,3.0,3.0,3.0,3.0,3.0
11.75,11.6,11.45,11.35,11.3,11.3,11.9,13.35,15.2,17.150000000000002,19.1,21.05,22.75,24.1,25.15,25.8,26.0,25.75,24.950000000000003,23.700000000000003,22.200000000000003,21.1,20.5,19.9,0.0,0.0,0.0,0.0,0.0,0.0,0.0,4.0,9.0,11.0,14.0,11.0,8.0,11.0,15.0,20.0,15.0,0.0,0.0,0.0,0.0,0.0,0.0,0.0,0.0,3.0,3.0,3.0,3.0,3.0,3.0
19.450000000000003,19.15,18.9,18.75,18.65,18.6,18.8,19.35,20.15,21.1,22.1,23.05,23.9,24.55,24.950000000000003,25.15,25.200000000000003,25.0,24.55,23.8,23.200000000000003,22.4,21.0,19.6,0.0,0.0,0.0,0.0,0.0,0.0,0.0,3.0,9.0,13.0,17.0,14.0,10.0,15.0,18.0,20.0,16.0,0.0,0.0,0.0,0.0,0.0,0.0,0.0,0.0,3.0,3.0,3.0,3.0,3.0,3.0
18.25,16.95,15.95,15.2,14.55,14.25,14.6,15.65,17.0,18.6,20.35,21.950000000000003,23.3,24.4,25.200000000000003,25.6,25.700000000000003,25.4,24.6,23.450000000000003,22.1,20.950000000000003,20.05,19.15,0.0,0.0,0.0,0.0,0.0,0.0,0.0,4.0,7.0,11.0,13.0,9.0,6.0,10.0,12.0,17.0,12.0,0.0,0.0,0.0,0.0,0.0,0.0,0.0,0.0,3.0,3.0,3.0,3.0,3.0,3.0
18.65,18.5,18.35,18.2,18.1,18.1,18.8,20.5,22.700000000000003,25.05,27.3,28.4,28.450000000000003,28.55,28.450000000000003,28.05,27.5,26.8,25.950000000000003,25.0,24.05,23.05,21.950000000000003,20.8,0.0,0.0,0.0,0.0,0.0,0.0,0.0,0.0,0.0,0.0,0.0,0.0,0.0,0.0,0.0,0.0,0.0,0.0,0.0,0.0,0.0,0.0,0.0,0.0,0.0,3.0,3.0,3.0,3.0,3.0,3.0
19.75,18.75,17.95,17.45,17.0,16.75,17.25,18.75,20.75,22.9,25.0,26.9,28.55,29.85,30.75,31.3,31.450000000000003,31.1,30.25,28.950000000000003,27.4,25.8,24.25,22.700000000000003,0.0,0.0,0.0,0.0,0.0,0.0,0.0,0.0,0.0,0.0,0.0,0.0,0.0,0.0,0.0,0.0,0.0,0.0,0.0,0.0,0.0,0.0,0.0,0.0,0.0,3.0,3.0,3.0,3.0,3.0,3.0
21.450000000000003,20.450000000000003,19.6,19.0,18.45,18.2,18.8,20.3,22.25,24.35,26.4,28.3,29.9,31.15,32.1,32.65,32.800000000000004,32.5,31.65,30.35,28.8,27.450000000000003,26.3,25.1,0.0,0.0,0.0,0.0,0.0,0.0,0.0,5.0,11.0,16.0,19.0,17.0,14.0,16.0,18.0,20.0,17.0,0.0,0.0,0.0,0.0,0.0,0.0,0.0,0.0,3.0,3.0,3.0,3.0,3.0,3.0
24.25,23.65,23.15,22.8,22.450000000000003,22.3,22.85,24.3,26.1,27.950000000000003,29.85,31.65,33.25,34.550000000000004,35.5,36.1,36.3,36.1,35.45,34.300000000000004,32.85,31.55,30.450000000000003,29.35,0.0,0.0,0.0,0.0,0.0,0.0,0.0,4.0,9.0,12.0,17.0,15.0,12.0,15.0,19.0,20.0,15.0,0.0,0.0,0.0,0.0,0.0,0.0,0.0,0.0,3.0,3.0,3.0,3.0,3.0,3.0
28.450000000000003,27.75,27.200000000000003,26.8,26.450000000000003,26.25,26.4,27.15,28.25,29.25,29.950000000000003,30.450000000000003,30.75,30.700000000000003,30.65,30.65,30.200000000000003,29.75,29.5,29.1,28.6,27.85,26.9,25.85,0.0,0.0,0.0,0.0,0.0,0.0,0.0,6.0,10.0,13.0,17.0,13.0,11.0,14.0,18.0,20.0,15.0,0.0,0.0,0.0,0.0,0.0,0.0,0.0,0.0,3.0,3.0,3.0,3.0,3.0,3.0
24.950000000000003,24.4,24.05,23.700000000000003,23.4,23.3,23.5,24.15,25.15,26.200000000000003,27.15,28.1,29.05,29.85,30.4,30.65,30.75,30.700000000000003,30.35,29.700000000000003,28.9,27.65,25.9,24.15,0.0,0.0,0.0,0.0,0.0,0.0,0.0,6.0,9.0,11.0,13.0,9.0,5.0,9.0,14.0,18.0,14.0,0.0,0.0,0.0,0.0,0.0,0.0,0.0,0.0,3.0,3.0,3.0,3.0,3.0,3.0
22.5,20.9,19.65,18.75,18.0,17.650000000000002,18.0,19.15,20.8,22.65,24.5,26.200000000000003,27.700000000000003,28.9,29.700000000000003,30.200000000000003,30.35,30.0,29.200000000000003,28.0,26.55,24.8,22.8,20.75,0.0,0.0,0.0,0.0,0.0,0.0,0.0,4.0,9.0,11.0,16.0,12.0,10.0,12.0,14.0,18.0,15.0,0.0,0.0,0.0,0.0,0.0,0.0,0.0,0.0,3.0,3.0,3.0,3.0,3.0,3.0
19.05,17.75,16.75,16.05,15.45,15.15,15.5,16.5,17.85,19.450000000000003,21.1,22.65,24.0,25.1,25.9,26.3,26.35,26.0,25.200000000000003,24.05,22.75,21.5,20.35,19.25,0.0,0.0,0.0,0.0,0.0,0.0,0.0,0.0,0.0,0.0,0.0,0.0,0.0,0.0,0.0,0.0,0.0,0.0,0.0,0.0,0.0,0.0,0.0,0.0,0.0,3.0,3.0,3.0,3.0,3.0,3.0
18.45,18.0,17.7,17.45,17.25,17.150000000000002,17.45,18.3,19.450000000000003,20.75,22.05,23.3,24.35,25.1,25.6,25.9,25.950000000000003,25.65,25.0,24.200000000000003,23.35,22.15,20.65,19.15,0.0,0.0,0.0,0.0,0.0,0.0,0.0,0.0,0.0,0.0,0.0,0.0,0.0,0.0,0.0,0.0,0.0,0.0,0.0,0.0,0.0,0.0,0.0,0.0,0.0,3.0,3.0,3.0,3.0,3.0,3.0
17.8,16.55,15.55,14.85,14.2,13.85,14.2,15.25,16.7,18.35,20.05,21.700000000000003,23.15,24.25,25.05,25.5,25.55,25.200000000000003,24.4,23.25,21.9,20.6,19.450000000000003,18.35,0.0,0.0,0.0,0.0,0.0,0.0,0.0,4.0,10.0,14.0,18.0,16.0,14.0,17.0,20.0,20.0,16.0,0.0,0.0,0.0,0.0,0.0,0.0,0.0,0.0,3.0,3.0,3.0,3.0,3.0,3.0
17.650000000000002,17.25,16.900000000000002,16.7,16.5,16.400000000000002,16.85,18.1,19.950000000000003,22.05,24.15,26.15,27.85,29.25,30.3,30.950000000000003,31.200000000000003,30.950000000000003,30.200000000000003,29.0,27.55,25.9,24.200000000000003,22.6,0.0,0.0,0.0,0.0,0.0,0.0,0.0,5.0,10.0,14.0,18.0,14.0,10.0,13.0,18.0,20.0,17.0,0.0,0.0,0.0,0.0,0.0,0.0,0.0,0.0,3.0,3.0,3.0,3.0,3.0,3.0
21.0,19.4,17.900000000000002,16.75,16.0,15.6,15.95,17.150000000000002,18.9,21.0,23.1,25.0,26.65,27.950000000000003,28.85,29.35,29.450000000000003,29.05,28.05,26.6,25.0,23.55,22.3,21.05,0.0,0.0,0.0,0.0,0.0,0.0,0.0,5.0,9.0,13.0,17.0,13.0,9.0,11.0,16.0,20.0,15.0,0.0,0.0,0.0,0.0,0.0,0.0,0.0,0.0,3.0,3.0,3.0,3.0,3.0,3.0
20.15,19.700000000000003,19.35,19.05,18.85,18.75,19.05,20.3,22.35,24.85,27.450000000000003,29.05,29.75,30.35,30.8,31.0,30.8,30.15,29.1,27.950000000000003,26.8,25.450000000000003,24.0,22.55,0.0,0.0,0.0,0.0,0.0,0.0,0.0,5.0,9.0,13.0,18.0,16.0,14.0,16.0,19.0,20.0,17.0,0.0,0.0,0.0,0.0,0.0,0.0,0.0,0.0,3.0,3.0,3.0,3.0,3.0,3.0
21.15,19.85,18.8,18.1,17.55,17.25,17.6,18.9,20.85,23.0,25.15,27.1,28.8,30.25,31.3,31.9,32.1,31.8,30.9,29.55,27.950000000000003,26.15,24.25,22.35,0.0,0.0,0.0,0.0,0.0,0.0,0.0,3.0,9.0,14.0,19.0,16.0,12.0,15.0,17.0,20.0,15.0,0.0,0.0,0.0,0.0,0.0,0.0,0.0,0.0,3.0,3.0,3.0,3.0,3.0,3.0
20.700000000000003,19.3,18.2,17.5,16.95,16.650000000000002,16.900000000000002,17.75,19.1,20.85,22.700000000000003,24.3,25.65,26.75,27.55,28.05,28.200000000000003,27.85,26.950000000000003,25.8,24.55,23.1,21.5,19.950000000000003,0.0,0.0,0.0,0.0,0.0,0.0,0.0,0.0,0.0,0.0,0.0,0.0,0.0,0.0,0.0,0.0,0.0,0.0,0.0,0.0,0.0,0.0,0.0,0.0,0.0,3.0,3.0,3.0,3.0,3.0,3.0
18.7,17.75,17.0,16.45,16.0,15.75,16.150000000000002,17.400000000000002,19.35,21.65,23.9,26.0,27.85,29.35,30.4,31.0,31.15,30.75,29.75,28.25,26.6,25.200000000000003,24.05,22.950000000000003,0.0,0.0,0.0,0.0,0.0,0.0,0.0,0.0,0.0,0.0,0.0,0.0,0.0,0.0,0.0,0.0,0.0,0.0,0.0,0.0,0.0,0.0,0.0,0.0,0.0,3.0,3.0,3.0,3.0,3.0,3.0
22.1,21.5,21.05,20.75,20.5,20.4,20.65,21.05,21.55,22.25,22.950000000000003,23.8,24.65,25.55,26.8,27.950000000000003,28.700000000000003,29.05,29.0,28.55,27.75,26.65,25.35,24.05,0.0,0.0,0.0,0.0,0.0,0.0,0.0,6.0,10.0,15.0,20.0,16.0,12.0,14.0,16.0,20.0,16.0,0.0,0.0,0.0,0.0,0.0,0.0,0.0,0.0,3.0,3.0,3.0,3.0,3.0,3.0
22.8,21.5,20.4,19.65,19.05,18.75,19.05,20.15,21.9,23.9,25.9,27.75,29.35,30.65,31.6,32.15,32.25,31.9,31.0,29.700000000000003,28.25,26.75,25.3,23.85,0.0,0.0,0.0,0.0,0.0,0.0,0.0,3.0,9.0,12.0,14.0,12.0,8.0,12.0,16.0,20.0,16.0,0.0,0.0,0.0,0.0,0.0,0.0,0.0,0.0,3.0,3.0,3.0,3.0,3.0,3.0
22.65,21.75,21.05,20.55,20.1,19.85,20.200000000000003,21.4,23.15,25.05,27.0,28.9,30.5,31.8,32.75,33.300000000000004,33.45,33.1,32.2,30.9,29.5,28.05,26.55,25.05,0.0,0.0,0.0,0.0,0.0,0.0,0.0,3.0,8.0,11.0,14.0,11.0,9.0,12.0,14.0,16.0,13.0,0.0,0.0,0.0,0.0,0.0,0.0,0.0,0.0,3.0,3.0,3.0,3.0,3.0,3.0
23.75,22.6,21.65,20.950000000000003,20.4,20.15,20.4,21.35,22.8,24.450000000000003,26.0,27.450000000000003,28.9,30.1,31.0,31.65,31.950000000000003,31.8,31.200000000000003,30.15,28.85,27.55,26.25,25.0,0.0,0.0,0.0,0.0,0.0,0.0,0.0,6.0,12.0,16.0,18.0,14.0,11.0,15.0,18.0,20.0,17.0,0.0,0.0,0.0,0.0,0.0,0.0,0.0,0.0,3.0,3.0,3.0,3.0,3.0,3.0
24.0,23.200000000000003,22.55,22.1,21.75,21.55,21.8,22.85,24.55,26.5,28.55,30.5,32.1,33.35,34.300000000000004,34.85,35.0,34.65,33.75,32.5,31.1,29.700000000000003,28.35,27.0,0.0,0.0,0.0,0.0,0.0,0.0,0.0,3.0,6.0,8.0,10.0,8.0,5.0,7.0,11.0,15.0,10.0,0.0,0.0,0.0,0.0,0.0,0.0,0.0,0.0,3.0,3.0,3.0,3.0,3.0,3.0
25.75,24.65,23.8,23.200000000000003,22.65,22.4,22.75,23.8,25.5,27.55,29.6,31.5,33.15,34.5,35.5,36.05,36.2,35.9,35.0,33.7,32.300000000000004,30.75,29.05,27.4,0.0,0.0,0.0,0.0,0.0,0.0,0.0,0.0,0.0,0.0,0.0,0.0,0.0,0.0,0.0,0.0,0.0,0.0,0.0,0.0,0.0,0.0,0.0,0.0,0.0,3.0,3.0,3.0,3.0,3.0,3.0
25.950000000000003,24.6,23.5,22.75,22.1,21.75,21.950000000000003,22.8,24.15,25.8,27.5,29.0,30.25,31.200000000000003,32.0,32.6,32.800000000000004,32.6,31.9,30.75,29.35,27.85,26.35,24.8,0.0,0.0,0.0,0.0,0.0,0.0,0.0,0.0,0.0,0.0,0.0,0.0,0.0,0.0,0.0,0.0,0.0,0.0,0.0,0.0,0.0,0.0,0.0,0.0,0.0,3.0,3.0,3.0,3.0,3.0,3.0
23.6,22.75,21.85,21.15,20.65,20.200000000000003,20.25,21.65,23.85,26.05,28.3,29.5,29.75,29.950000000000003,30.0,30.0,29.75,29.05,28.15,27.1,25.75,24.3,22.85,21.35,0.0,0.0,0.0,0.0,0.0,0.0,0.0,4.0,8.0,13.0,17.0,15.0,13.0,15.0,17.0,20.0,16.0,0.0,0.0,0.0,0.0,0.0,0.0,0.0,0.0,3.0,3.0,3.0,3.0,3.0,3.0
20.1,19.0,17.900000000000002,17.150000000000002,16.6,16.1,16.1,17.0,18.6,20.35,21.9,23.35,24.75,25.9,26.75,27.25,27.4,27.1,26.3,25.05,23.700000000000003,22.5,21.3,20.1,0.0,0.0,0.0,0.0,0.0,0.0,0.0,5.0,10.0,15.0,19.0,15.0,11.0,16.0,20.0,20.0,16.0,0.0,0.0,0.0,0.0,0.0,0.0,0.0,0.0,3.0,3.0,3.0,3.0,3.0,3.0
19.15,18.4,17.650000000000002,17.1,16.7,16.400000000000002,16.5,17.55,19.4,21.450000000000003,23.5,25.35,26.9,28.1,28.9,29.35,29.450000000000003,29.0,28.0,26.6,25.200000000000003,24.0,22.8,21.6,0.0,0.0,0.0,0.0,0.0,0.0,0.0,3.0,6.0,8.0,12.0,9.0,5.0,9.0,11.0,14.0,10.0,0.0,0.0,0.0,0.0,0.0,0.0,0.0,0.0,3.0,3.0,3.0,3.0,3.0,3.0
20.55,19.65,18.7,18.0,17.55,17.150000000000002,17.2,18.4,20.5,22.700000000000003,24.85,26.85,28.5,29.75,30.6,31.05,31.1,30.55,29.450000000000003,27.950000000000003,26.35,24.9,23.450000000000003,22.0,0.0,0.0,0.0,0.0,0.0,0.0,0.0,0.0,0.0,0.0,0.0,0.0,0.0,0.0,0.0,0.0,0.0,0.0,0.0,0.0,0.0,0.0,0.0,0.0,0.0,3.0,3.0,3.0,3.0,3.0,3.0
20.75,19.6,18.4,17.55,17.0,16.5,16.5,17.400000000000002,19.1,21.0,22.85,24.55,25.85,26.75,27.3,27.55,27.4,26.75,25.65,24.3,23.1,22.1,21.1,20.15,0.0,0.0,0.0,0.0,0.0,0.0,0.0,5.0,10.0,14.0,19.0,17.0,15.0,18.0,20.0,20.0,17.0,0.0,0.0,0.0,0.0,0.0,0.0,0.0,0.0,3.0,3.0,3.0,3.0,3.0,3.0
19.450000000000003,18.9,18.35,17.95,17.7,17.5,17.5,18.15,19.25,20.200000000000003,21.1,22.0,22.6,23.15,23.75,24.1,24.1,23.85,23.3,22.5,21.8,21.05,20.450000000000003,20.0,0.0,0.0,0.0,0.0,0.0,0.0,0.0,0.0,0.0,0.0,0.0,0.0,0.0,0.0,0.0,0.0,0.0,0.0,0.0,0.0,0.0,0.0,0.0,0.0,0.0,3.0,3.0,3.0,3.0,3.0,3.0
19.5,19.05,18.6,18.3,18.1,17.900000000000002,17.900000000000002,18.4,19.35,20.35,21.35,22.3,23.0,23.5,23.9,24.15,24.15,23.9,23.35,22.6,22.0,21.55,20.9,20.55,0.0,0.0,0.0,0.0,0.0,0.0,0.0,0.0,0.0,0.0,0.0,0.0,0.0,0.0,0.0,0.0,0.0,0.0,0.0,0.0,0.0,0.0,0.0,0.0,0.0,3.0,3.0,3.0,3.0,3.0,3.0
20.5,20.25,20.0,19.85,19.75,19.65,19.700000000000003,20.3,21.35,22.75,24.0,24.9,25.700000000000003,26.35,26.8,26.950000000000003,26.700000000000003,25.950000000000003,25.200000000000003,24.55,23.950000000000003,23.450000000000003,22.9,22.15,0.0,0.0,0.0,0.0,0.0,0.0,0.0,6.0,12.0,14.0,17.0,15.0,11.0,14.0,18.0,20.0,15.0,0.0,0.0,0.0,0.0,0.0,0.0,0.0,0.0,3.0,3.0,3.0,3.0,3.0,3.0
21.6,21.200000000000003,20.55,20.15,19.950000000000003,19.700000000000003,19.65,20.25,21.200000000000003,22.35,23.6,24.9,26.450000000000003,27.6,28.25,28.65,28.6,28.05,27.3,26.4,25.25,24.0,22.75,21.450000000000003,0.0,0.0,0.0,0.0,0.0,0.0,0.0,3.0,9.0,13.0,18.0,16.0,12.0,17.0,20.0,20.0,17.0,0.0,0.0,0.0,0.0,0.0,0.0,0.0,0.0,3.0,3.0,3.0,3.0,3.0,3.0
20.200000000000003,18.9,17.6,16.650000000000002,15.95,15.35,15.2,15.95,17.35,19.0,20.700000000000003,22.200000000000003,23.450000000000003,24.35,24.9,25.15,25.05,24.5,23.5,22.200000000000003,21.15,20.450000000000003,19.75,19.05,0.0,0.0,0.0,0.0,0.0,0.0,0.0,5.0,10.0,12.0,15.0,13.0,10.0,12.0,16.0,20.0,17.0,0.0,0.0,0.0,0.0,0.0,0.0,0.0,0.0,3.0,3.0,3.0,3.0,3.0,3.0
18.7,18.65,18.55,18.5,18.5,18.5,18.55,18.95,19.700000000000003,20.6,21.6,22.55,23.4,23.700000000000003,24.0,24.450000000000003,24.450000000000003,24.200000000000003,23.700000000000003,23.05,22.450000000000003,21.9,21.3,20.6,0.0,0.0,0.0,0.0,0.0,0.0,0.0,6.0,11.0,13.0,15.0,11.0,8.0,10.0,13.0,16.0,11.0,0.0,0.0,0.0,0.0,0.0,0.0,0.0,0.0,3.0,3.0,3.0,3.0,3.0,3.0
19.950000000000003,19.35,18.5,17.400000000000002,17.2,17.45,17.3,17.6,18.25,18.9,19.5,20.05,20.450000000000003,20.700000000000003,20.85,20.85,20.75,20.55,20.15,19.5,18.95,18.55,17.900000000000002,17.5,0.0,0.0,0.0,0.0,0.0,0.0,0.0,5.0,9.0,14.0,16.0,14.0,12.0,17.0,20.0,20.0,16.0,0.0,0.0,0.0,0.0,0.0,0.0,0.0,0.0,3.0,3.0,3.0,3.0,3.0,3.0
17.45,17.35,17.2,16.8,16.650000000000002,16.900000000000002,17.05,17.45,18.25,19.1,19.950000000000003,20.8,21.55,22.1,22.4,22.55,22.5,22.25,21.8,21.200000000000003,20.55,19.8,19.0,18.2,0.0,0.0,0.0,0.0,0.0,0.0,0.0,0.0,0.0,0.0,0.0,0.0,0.0,0.0,0.0,0.0,0.0,0.0,0.0,0.0,0.0,0.0,0.0,0.0,0.0,3.0,3.0,3.0,3.0,3.0,3.0
17.5,16.8,16.0,15.4,15.0,14.65,14.6,15.45,16.95,18.65,20.4,22.05,23.5,24.6,25.4,25.85,25.950000000000003,25.5,24.5,23.200000000000003,21.8,20.4,19.0,17.650000000000002,0.0,0.0,0.0,0.0,0.0,0.0,0.0,0.0,0.0,0.0,0.0,0.0,0.0,0.0,0.0,0.0,0.0,0.0,0.0,0.0,0.0,0.0,0.0,0.0,0.0,3.0,3.0,3.0,3.0,3.0,3.0
16.5,15.4,14.25,13.4,12.75,12.2,12.05,12.9,14.6,16.400000000000002,18.15,19.8,21.25,22.4,23.15,23.450000000000003,23.35,22.75,21.6,20.15,18.8,17.7,16.650000000000002,15.55,0.0,0.0,0.0,0.0,0.0,0.0,0.0,4.0,8.0,13.0,15.0,12.0,10.0,15.0,17.0,20.0,17.0,0.0,0.0,0.0,0.0,0.0,0.0,0.0,0.0,3.0,3.0,3.0,3.0,3.0,3.0
14.7,14.15,13.6,13.1,12.75,12.5,12.45,13.4,15.25,17.150000000000002,19.15,21.1,22.75,24.05,25.0,25.55,25.6,25.05,23.950000000000003,22.5,21.200000000000003,20.200000000000003,19.200000000000003,18.25,0.0,0.0,0.0,0.0,0.0,0.0,0.0,6.0,12.0,17.0,20.0,17.0,14.0,18.0,20.0,20.0,17.0,0.0,0.0,0.0,0.0,0.0,0.0,0.0,0.0,3.0,3.0,3.0,3.0,3.0,3.0
17.45,16.75,16.05,15.5,15.1,14.75,14.7,15.6,17.3,19.25,21.3,23.1,24.6,25.75,26.5,26.9,26.85,26.25,25.15,23.75,22.35,21.05,19.75,18.45,0.0,0.0,0.0,0.0,0.0,0.0,0.0,3.0,9.0,11.0,15.0,13.0,11.0,16.0,20.0,20.0,16.0,0.0,0.0,0.0,0.0,0.0,0.0,0.0,0.0,3.0,3.0,3.0,3.0,3.0,3.0
17.35,16.400000000000002,15.35,14.55,14.0,13.5,13.35,14.1,15.65,17.25,18.8,20.35,21.700000000000003,22.75,23.4,23.700000000000003,23.700000000000003,23.25,22.3,21.05,19.75,18.45,17.25,16.150000000000002,0.0,0.0,0.0,0.0,0.0,0.0,0.0,3.0,7.0,10.0,15.0,11.0,7.0,12.0,14.0,19.0,14.0,0.0,0.0,0.0,0.0,0.0,0.0,0.0,0.0,3.0,3.0,3.0,3.0,3.0,3.0
15.2,14.35,13.45,12.75,12.25,11.85,11.7,12.4,13.95,15.65,17.25,18.75,20.15,21.25,21.950000000000003,22.3,22.25,21.700000000000003,20.65,19.3,18.05,16.900000000000002,15.75,14.65,0.0,0.0,0.0,0.0,0.0,0.0,0.0,4.0,10.0,13.0,18.0,16.0,14.0,17.0,20.0,20.0,17.0,0.0,0.0,0.0,0.0,0.0,0.0,0.0,0.0,3.0,3.0,3.0,3.0,3.0,3.0
13.75,13.0,12.25,11.7,11.3,10.95,10.85,11.95,14.25,16.7,19.15,21.55,23.6,25.15,26.200000000000003,26.700000000000003,26.65,25.950000000000003,24.55,22.700000000000003,21.200000000000003,20.200000000000003,19.25,18.3,0.0,0.0,0.0,0.0,0.0,0.0,0.0,0.0,0.0,0.0,0.0,0.0,0.0,0.0,0.0,0.0,0.0,0.0,0.0,0.0,0.0,0.0,0.0,0.0,0.0,3.0,3.0,3.0,3.0,3.0,3.0
17.55,17.0,16.400000000000002,15.9,15.55,15.3,15.2,15.45,16.05,16.650000000000002,17.3,17.95,18.45,18.9,19.200000000000003,19.3,19.25,18.75,18.2,17.900000000000002,17.5,17.05,16.5,15.95,0.0,0.0,0.0,0.0,0.0,0.0,0.0,0.0,0.0,0.0,0.0,0.0,0.0,0.0,0.0,0.0,0.0,0.0,0.0,0.0,0.0,0.0,0.0,0.0,0.0,3.0,3.0,3.0,3.0,3.0,3.0
15.55,15.25,14.95,14.7,14.5,14.35,14.35,15.0,16.25,17.55,18.9,20.15,21.200000000000003,22.05,22.55,22.75,22.65,22.15,21.35,20.450000000000003,19.5,18.55,17.55,16.75,0.0,0.0,0.0,0.0,0.0,0.0,0.0,4.0,10.0,15.0,20.0,17.0,13.0,16.0,18.0,20.0,16.0,0.0,0.0,0.0,0.0,0.0,0.0,0.0,0.0,3.0,3.0,3.0,3.0,3.0,3.0
16.1,15.25,14.35,13.7,13.25,12.85,12.7,13.4,14.85,16.35,17.75,18.9,19.85,20.700000000000003,21.25,21.4,21.15,20.55,19.65,18.5,17.6,16.95,16.25,15.55,0.0,0.0,0.0,0.0,0.0,0.0,0.0,5.0,10.0,15.0,18.0,14.0,12.0,14.0,19.0,20.0,16.0,0.0,0.0,0.0,0.0,0.0,0.0,0.0,0.0,3.0,3.0,3.0,3.0,3.0,3.0
15.0,14.6,14.2,13.9,13.7,13.55,13.5,14.05,15.25,16.8,18.5,19.9,21.1,22.05,22.55,22.700000000000003,22.5,21.9,21.0,20.0,18.95,17.95,17.05,16.1,0.0,0.0,0.0,0.0,0.0,0.0,0.0,3.0,8.0,10.0,13.0,9.0,6.0,10.0,12.0,14.0,10.0,0.0,0.0,0.0,0.0,0.0,0.0,0.0,0.0,3.0,3.0,3.0,3.0,3.0,3.0
15.15,14.2,13.25,12.5,11.95,11.5,11.35,12.25,14.15,16.35,18.6,20.700000000000003,22.55,24.0,24.950000000000003,25.4,25.3,24.55,23.15,21.4,20.1,19.3,18.5,17.75,0.0,0.0,0.0,0.0,0.0,0.0,0.0,5.0,10.0,12.0,15.0,12.0,9.0,12.0,15.0,20.0,17.0,0.0,0.0,0.0,0.0,0.0,0.0,0.0,0.0,3.0,3.0,3.0,3.0,3.0,3.0
17.25,16.900000000000002,16.5,16.2,16.0,15.85,15.85,16.8,18.85,21.3,23.75,25.9,27.700000000000003,29.15,30.15,30.65,30.6,29.9,28.65,27.05,25.65,24.55,23.450000000000003,22.35,0.0,0.0,0.0,0.0,0.0,0.0,0.0,3.0,7.0,12.0,14.0,12.0,10.0,12.0,17.0,20.0,17.0,0.0,0.0,0.0,0.0,0.0,0.0,0.0,0.0,3.0,3.0,3.0,3.0,3.0,3.0
21.3,20.25,19.200000000000003,18.4,17.900000000000002,17.5,17.35,18.15,20.0,22.200000000000003,24.3,26.25,27.9,29.15,30.0,30.4,30.3,29.65,28.450000000000003,26.950000000000003,25.200000000000003,23.200000000000003,21.25,19.3,0.0,0.0,0.0,0.0,0.0,0.0,0.0,0.0,0.0,0.0,0.0,0.0,0.0,0.0,0.0,0.0,0.0,0.0,0.0,0.0,0.0,0.0,0.0,0.0,0.0,3.0,3.0,3.0,3.0,3.0,3.0
17.5,15.85,14.1,12.75,11.8,11.0,10.65,11.4,13.15,15.15,17.150000000000002,19.05,20.75,22.0,22.8,23.15,23.0,22.200000000000003,20.8,19.15,17.650000000000002,16.35,15.0,13.65,0.0,0.0,0.0,0.0,0.0,0.0,0.0,0.0,0.0,0.0,0.0,0.0,0.0,0.0,0.0,0.0,0.0,0.0,0.0,0.0,0.0,0.0,0.0,0.0,0.0,3.0,3.0,3.0,3.0,3.0,3.0
12.65,11.9,11.1,10.5,10.1,9.75,9.6,10.55,12.6,14.85,17.05,19.200000000000003,21.1,22.55,23.55,24.0,23.85,23.05,21.65,19.950000000000003,18.4,17.150000000000002,15.95,14.7,0.0,0.0,0.0,0.0,0.0,0.0,0.0,6.0,9.0,12.0,16.0,13.0,11.0,16.0,18.0,20.0,16.0,0.0,0.0,0.0,0.0,0.0,0.0,0.0,0.0,3.0,3.0,3.0,3.0,3.0,3.0
13.55,12.45,11.3,10.4,9.8,9.3,9.1,9.85,11.6,13.7,15.75,17.55,19.15,20.5,21.450000000000003,21.9,21.8,21.05,19.700000000000003,18.15,16.8,15.55,14.3,13.1,0.0,0.0,0.0,0.0,0.0,0.0,0.0,3.0,9.0,13.0,15.0,13.0,10.0,14.0,19.0,20.0,15.0,0.0,0.0,0.0,0.0,0.0,0.0,0.0,0.0,3.0,3.0,3.0,3.0,3.0,3.0
12.05,11.15,10.2,9.45,8.950000000000001,8.55,8.4,9.2,11.0,13.1,15.2,17.05,18.7,20.0,20.8,21.200000000000003,21.05,20.25,18.95,17.5,16.2,15.05,13.95,12.85,0.0,0.0,0.0,0.0,0.0,0.0,0.0,3.0,6.0,11.0,15.0,12.0,9.0,12.0,17.0,20.0,17.0,0.0,0.0,0.0,0.0,0.0,0.0,0.0,0.0,3.0,3.0,3.0,3.0,3.0,3.0
11.9,11.1,10.25,9.55,9.1,8.75,8.599999999999998,9.55,11.75,14.3,16.75,19.05,21.1,22.65,23.700000000000003,24.200000000000003,24.05,23.15,21.6,19.75,18.2,16.95,15.7,14.5,0.0,0.0,0.0,0.0,0.0,0.0,0.0,3.0,6.0,8.0,13.0,10.0,6.0,11.0,16.0,20.0,17.0,0.0,0.0,0.0,0.0,0.0,0.0,0.0,0.0,3.0,3.0,3.0,3.0,3.0,3.0
13.4,12.35,11.25,10.4,9.8,9.3,9.1,9.85,11.65,13.8,15.95,17.900000000000002,19.6,20.950000000000003,21.85,22.3,22.15,21.35,19.950000000000003,18.3,17.2,16.6,15.95,15.3,0.0,0.0,0.0,0.0,0.0,0.0,0.0,6.0,12.0,17.0,20.0,17.0,14.0,18.0,20.0,20.0,15.0,0.0,0.0,0.0,0.0,0.0,0.0,0.0,0.0,3.0,3.0,3.0,3.0,3.0,3.0
14.9,14.7,14.5,14.35,14.25,14.15,14.15,14.75,16.35,18.4,20.25,22.0,23.35,24.15,25.0,25.4,24.9,24.05,23.05,21.9,20.9,20.05,19.200000000000003,18.35,0.0,0.0,0.0,0.0,0.0,0.0,0.0,0.0,0.0,0.0,0.0,0.0,0.0,0.0,0.0,0.0,0.0,0.0,0.0,0.0,0.0,0.0,0.0,0.0,0.0,3.0,3.0,3.0,3.0,3.0,3.0
17.5,16.650000000000002,15.75,15.05,14.55,14.15,14.0,14.55,15.7,17.1,18.85,20.3,20.8,21.1,21.200000000000003,20.9,20.55,20.05,19.4,18.5,17.6,16.75,15.85,14.95,0.0,0.0,0.0,0.0,0.0,0.0,0.0,0.0,0.0,0.0,0.0,0.0,0.0,0.0,0.0,0.0,0.0,0.0,0.0,0.0,0.0,0.0,0.0,0.0,0.0,3.0,3.0,3.0,3.0,3.0,3.0
14.2,13.6,13.0,12.55,12.2,11.9,11.8,12.6,14.55,16.85,19.25,21.55,23.5,25.05,26.1,26.6,26.5,25.700000000000003,24.15,22.65,21.55,20.450000000000003,19.35,18.3,0.0,0.0,0.0,0.0,0.0,0.0,0.0,5.0,10.0,15.0,17.0,14.0,10.0,12.0,14.0,16.0,13.0,0.0,0.0,0.0,0.0,0.0,0.0,0.0,0.0,3.0,3.0,3.0,3.0,3.0,3.0
17.35,16.45,15.55,14.9,14.45,14.0,13.8,14.4,15.95,17.900000000000002,20.0,22.05,23.8,25.1,25.9,26.25,26.05,25.200000000000003,23.75,22.55,21.85,21.1,20.35,19.65,0.0,0.0,0.0,0.0,0.0,0.0,0.0,6.0,12.0,17.0,20.0,18.0,16.0,19.0,20.0,20.0,17.0,0.0,0.0,0.0,0.0,0.0,0.0,0.0,0.0,3.0,3.0,3.0,3.0,3.0,3.0
19.1,18.7,18.3,18.0,17.85,17.7,17.6,18.3,20.1,22.4,24.75,26.9,28.75,30.200000000000003,31.1,31.450000000000003,31.25,30.450000000000003,29.05,27.8,27.0,26.200000000000003,25.4,24.65,0.0,0.0,0.0,0.0,0.0,0.0,0.0,4.0,10.0,15.0,20.0,18.0,16.0,19.0,20.0,20.0,17.0,0.0,0.0,0.0,0.0,0.0,0.0,0.0,0.0,3.0,3.0,3.0,3.0,3.0,3.0
24.0,23.450000000000003,22.950000000000003,22.55,22.25,22.0,21.9,21.950000000000003,22.75,23.700000000000003,24.6,26.1,27.5,28.55,28.950000000000003,29.0,29.0,28.6,27.85,27.1,26.450000000000003,25.75,24.950000000000003,24.4,0.0,0.0,0.0,0.0,0.0,0.0,0.0,5.0,10.0,12.0,15.0,13.0,10.0,15.0,17.0,20.0,17.0,0.0,0.0,0.0,0.0,0.0,0.0,0.0,0.0,3.0,3.0,3.0,3.0,3.0,3.0
23.950000000000003,23.4,22.950000000000003,22.55,22.25,22.0,21.85,21.9,22.15,22.450000000000003,22.75,23.05,23.25,23.35,23.450000000000003,23.450000000000003,23.25,22.8,22.700000000000003,22.700000000000003,22.200000000000003,21.6,21.1,20.65,0.0,0.0,0.0,0.0,0.0,0.0,0.0,5.0,9.0,11.0,16.0,13.0,9.0,12.0,17.0,19.0,14.0,0.0,0.0,0.0,0.0,0.0,0.0,0.0,0.0,3.0,3.0,3.0,3.0,3.0,3.0
20.05,19.200000000000003,17.900000000000002,17.3,17.3,17.150000000000002,17.2,17.25,17.3,17.400000000000002,17.6,17.75,17.8,17.85,17.900000000000002,17.900000000000002,17.85,17.75,17.7,17.45,17.0,16.6,16.2,15.8,0.0,0.0,0.0,0.0,0.0,0.0,0.0,0.0,0.0,0.0,0.0,0.0,0.0,0.0,0.0,0.0,0.0,0.0,0.0,0.0,0.0,0.0,0.0,0.0,0.0,3.0,3.0,3.0,3.0,3.0,3.0
15.1,14.05,13.0,12.25,11.7,11.25,11.1,11.65,13.05,14.45,15.95,17.3,17.55,16.8,15.75,15.1,14.85,14.6,14.05,13.6,13.4,13.2,12.95,12.7,0.0,0.0,0.0,0.0,0.0,0.0,0.0,0.0,0.0,0.0,0.0,0.0,0.0,0.0,0.0,0.0,0.0,0.0,0.0,0.0,0.0,0.0,0.0,0.0,0.0,3.0,3.0,3.0,3.0,3.0,3.0
12.6,12.55,12.5,12.5,12.5,12.5,12.5,13.0,14.55,16.650000000000002,18.7,20.3,21.85,23.3,24.0,24.15,23.9,23.25,22.1,21.05,20.35,19.65,19.0,18.35,0.0,0.0,0.0,0.0,0.0,0.0,0.0,3.0,9.0,13.0,17.0,13.0,9.0,12.0,17.0,20.0,15.0,0.0,0.0,0.0,0.0,0.0,0.0,0.0,0.0,3.0,3.0,3.0,3.0,3.0,3.0
17.7,17.05,16.35,15.85,15.5,15.2,15.05,15.55,16.85,18.5,20.35,22.200000000000003,23.9,25.200000000000003,26.0,26.35,26.200000000000003,25.5,24.25,23.1,22.3,21.5,20.700000000000003,19.9,0.0,0.0,0.0,0.0,0.0,0.0,0.0,6.0,10.0,12.0,14.0,10.0,7.0,12.0,14.0,17.0,12.0,0.0,0.0,0.0,0.0,0.0,0.0,0.0,0.0,3.0,3.0,3.0,3.0,3.0,3.0
19.200000000000003,18.6,18.05,17.650000000000002,17.35,17.1,17.0,17.55,19.05,20.75,22.5,24.15,25.35,26.1,26.4,26.55,26.450000000000003,25.75,24.6,23.5,22.5,21.5,20.5,19.55,0.0,0.0,0.0,0.0,0.0,0.0,0.0,3.0,8.0,12.0,17.0,15.0,13.0,17.0,20.0,20.0,17.0,0.0,0.0,0.0,0.0,0.0,0.0,0.0,0.0,3.0,3.0,3.0,3.0,3.0,3.0
18.65,17.85,17.1,16.5,16.1,15.75,15.55,15.7,16.45,17.0,17.75,19.4,20.55,21.05,21.4,21.85,22.35,22.3,21.65,20.8,20.0,19.200000000000003,18.45,17.75,0.0,0.0,0.0,0.0,0.0,0.0,0.0,4.0,7.0,10.0,15.0,13.0,11.0,15.0,18.0,20.0,16.0,0.0,0.0,0.0,0.0,0.0,0.0,0.0,0.0,3.0,3.0,3.0,3.0,3.0,3.0
17.150000000000002,16.650000000000002,16.150000000000002,15.75,15.45,15.25,15.15,15.65,17.05,19.0,21.200000000000003,23.25,25.0,26.35,27.200000000000003,27.55,27.3,26.450000000000003,25.1,23.9,23.1,22.25,21.4,20.6,0.0,0.0,0.0,0.0,0.0,0.0,0.0,4.0,7.0,12.0,15.0,12.0,9.0,13.0,18.0,20.0,17.0,0.0,0.0,0.0,0.0,0.0,0.0,0.0,0.0,3.0,3.0,3.0,3.0,3.0,3.0
19.85,19.15,18.4,17.900000000000002,17.6,17.3,17.2,17.650000000000002,18.95,20.8,22.8,24.5,25.85,27.0,27.8,28.1,27.75,26.9,25.75,24.5,23.3,22.1,20.9,19.65,0.0,0.0,0.0,0.0,0.0,0.0,0.0,0.0,0.0,0.0,0.0,0.0,0.0,0.0,0.0,0.0,0.0,0.0,0.0,0.0,0.0,0.0,0.0,0.0,0.0,3.0,3.0,3.0,3.0,3.0,3.0
18.45,17.400000000000002,16.35,15.5,14.9,14.35,14.1,14.5,15.75,17.45,19.3,21.1,22.55,23.6,24.25,24.5,24.200000000000003,23.35,22.05,20.950000000000003,20.25,19.55,18.8,18.05,0.0,0.0,0.0,0.0,0.0,0.0,0.0,0.0,0.0,0.0,0.0,0.0,0.0,0.0,0.0,0.0,0.0,0.0,0.0,0.0,0.0,0.0,0.0,0.0,0.0,3.0,3.0,3.0,3.0,3.0,3.0
17.650000000000002,17.45,17.2,17.05,16.95,16.85,16.8,17.2,18.25,19.8,21.6,23.35,24.8,25.700000000000003,26.15,26.25,25.9,25.1,24.05,23.1,22.25,21.35,20.450000000000003,19.6,0.0,0.0,0.0,0.0,0.0,0.0,0.0,3.0,8.0,11.0,14.0,10.0,7.0,10.0,12.0,15.0,11.0,0.0,0.0,0.0,0.0,0.0,0.0,0.0,0.0,3.0,3.0,3.0,3.0,3.0,3.0
18.7,17.75,16.85,16.150000000000002,15.7,15.3,15.1,15.75,16.35,16.8,17.900000000000002,18.9,20.450000000000003,22.3,23.3,23.5,23.450000000000003,23.15,22.200000000000003,21.15,20.200000000000003,19.25,18.3,17.400000000000002,0.0,0.0,0.0,0.0,0.0,0.0,0.0,3.0,8.0,10.0,13.0,9.0,5.0,8.0,12.0,17.0,12.0,0.0,0.0,0.0,0.0,0.0,0.0,0.0,0.0,3.0,3.0,3.0,3.0,3.0,3.0
16.7,16.1,15.45,14.95,14.65,14.4,14.35,14.9,16.35,18.4,20.6,22.700000000000003,24.65,26.35,27.55,28.1,27.9,27.0,25.55,24.05,22.700000000000003,21.35,20.0,18.6,0.0,0.0,0.0,0.0,0.0,0.0,0.0,3.0,9.0,14.0,19.0,16.0,14.0,19.0,20.0,20.0,15.0,0.0,0.0,0.0,0.0,0.0,0.0,0.0,0.0,3.0,3.0,3.0,3.0,3.0,3.0
17.25,15.85,14.35,13.2,12.4,11.75,11.45,11.85,13.2,15.2,17.3,19.35,21.25,22.700000000000003,23.6,23.950000000000003,23.65,22.55,20.9,19.450000000000003,18.35,17.35,16.400000000000002,15.4,0.0,0.0,0.0,0.0,0.0,0.0,0.0,4.0,9.0,11.0,16.0,13.0,9.0,11.0,15.0,19.0,16.0,0.0,0.0,0.0,0.0,0.0,0.0,0.0,0.0,3.0,3.0,3.0,3.0,3.0,3.0
14.6,14.0,13.4,12.95,12.65,12.4,12.3,12.75,14.0,15.95,18.5,20.950000000000003,22.700000000000003,23.65,23.700000000000003,23.05,22.3,21.4,20.1,19.15,18.6,18.05,17.6,17.150000000000002,0.0,0.0,0.0,0.0,0.0,0.0,0.0,3.0,7.0,10.0,13.0,11.0,8.0,10.0,14.0,18.0,13.0,0.0,0.0,0.0,0.0,0.0,0.0,0.0,0.0,3.0,3.0,3.0,3.0,3.0,3.0
16.75,16.400000000000002,16.05,15.8,15.6,15.45,15.2,15.4,16.5,17.75,18.85,20.0,21.1,21.9,22.4,22.55,22.25,21.55,20.65,19.700000000000003,18.75,17.900000000000002,17.05,16.150000000000002,0.0,0.0,0.0,0.0,0.0,0.0,0.0,0.0,0.0,0.0,0.0,0.0,0.0,0.0,0.0,0.0,0.0,0.0,0.0,0.0,0.0,0.0,0.0,0.0,0.0,3.0,3.0,3.0,3.0,3.0,3.0
15.25,14.35,13.4,12.65,12.15,11.75,11.4,11.5,12.95,15.15,17.150000000000002,18.9,20.35,21.4,22.0,22.1,21.55,20.4,18.9,17.6,16.6,15.6,14.55,13.5,0.0,0.0,0.0,0.0,0.0,0.0,0.0,0.0,0.0,0.0,0.0,0.0,0.0,0.0,0.0,0.0,0.0,0.0,0.0,0.0,0.0,0.0,0.0,0.0,0.0,3.0,3.0,3.0,3.0,3.0,3.0
12.6,11.8,11.0,10.4,9.95,9.55,9.25,9.3,10.4,12.25,14.05,15.55,16.7,17.5,17.900000000000002,18.0,17.650000000000002,16.75,15.6,14.6,13.8,13.05,12.3,11.5,0.0,0.0,0.0,0.0,0.0,0.0,0.0,3.0,8.0,12.0,16.0,13.0,11.0,15.0,17.0,20.0,15.0,0.0,0.0,0.0,0.0,0.0,0.0,0.0,0.0,3.0,3.0,3.0,3.0,3.0,3.0
10.85,10.3,9.7,9.3,9.05,8.8,8.599999999999998,8.700000000000001,9.85,11.7,13.4,14.8,15.8,16.5,16.95,17.1,16.8,15.95,14.85,13.95,13.3,12.65,12.0,11.4,0.0,0.0,0.0,0.0,0.0,0.0,0.0,5.0,11.0,16.0,19.0,17.0,14.0,18.0,20.0,20.0,16.0,0.0,0.0,0.0,0.0,0.0,0.0,0.0,0.0,3.0,3.0,3.0,0.0,0.0,3.0
10.85,10.35,9.85,9.45,9.2,9.0,8.849999999999998,8.950000000000001,9.85,11.25,13.4,15.8,17.35,17.35,16.7,17.2,17.6,16.8,15.5,14.55,13.85,13.1,12.35,11.6,0.0,0.0,0.0,0.0,0.0,0.0,0.0,5.0,8.0,13.0,18.0,15.0,13.0,17.0,20.0,20.0,17.0,0.0,0.0,0.0,0.0,0.0,0.0,0.0,0.0,3.0,3.0,3.0,3.0,3.0,3.0
10.85,10.1,9.35,8.8,8.450000000000001,8.15,7.9,8.0,9.65,12.5,15.15,17.400000000000002,19.25,20.700000000000003,21.55,21.700000000000003,21.05,19.6,17.8,16.400000000000002,15.4,14.35,13.3,12.25,0.0,0.0,0.0,0.0,0.0,0.0,0.0,5.0,8.0,12.0,14.0,12.0,10.0,14.0,16.0,20.0,16.0,0.0,0.0,0.0,0.0,0.0,0.0,0.0,0.0,3.0,3.0,3.0,3.0,3.0,3.0
11.25,10.35,9.4,8.65,8.15,7.7,7.35,7.35,8.450000000000001,10.5,12.2,13.2,14.1,14.85,15.25,15.55,15.45,14.7,13.55,12.45,11.6,10.8,9.95,9.15,0.0,0.0,0.0,0.0,0.0,0.0,0.0,3.0,9.0,12.0,15.0,11.0,9.0,11.0,13.0,17.0,12.0,0.0,0.0,0.0,0.0,0.0,0.0,0.0,0.0,3.0,3.0,3.0,0.0,3.0,3.0
8.55,8.099999999999998,7.65,7.3,7.1000000000000005,6.9,6.75,6.800000000000001,7.3,8.200000000000001,8.9,9.95,11.8,13.4,14.55,15.4,15.65,15.15,14.05,13.15,12.7,12.25,11.75,11.25,0.0,0.0,0.0,0.0,0.0,0.0,0.0,0.0,0.0,0.0,0.0,0.0,0.0,0.0,0.0,0.0,0.0,0.0,0.0,0.0,0.0,0.0,0.0,0.0,0.0,3.0,3.0,3.0,0.0,0.0,3.0
10.75,10.3,9.85,9.5,9.3,9.1,8.950000000000001,9.05,10.0,11.25,12.05,12.8,13.75,14.7,15.7,16.6,16.75,16.150000000000002,15.2,14.2,13.25,12.3,11.3,10.3,0.0,0.0,0.0,0.0,0.0,0.0,0.0,0.0,0.0,0.0,0.0,0.0,0.0,0.0,0.0,0.0,0.0,0.0,0.0,0.0,0.0,0.0,0.0,0.0,0.0,3.0,3.0,3.0,3.0,3.0,3.0
9.3,8.25,7.15,6.25,5.6000000000000005,5.050000000000001,4.6000000000000005,4.45,5.45,7.35,9.2,10.85,12.15,13.0,13.45,13.45,12.8,11.6,10.15,8.950000000000001,8.05,7.15,6.25,5.4,0.0,0.0,0.0,0.0,0.0,0.0,0.0,6.0,9.0,14.0,17.0,14.0,12.0,14.0,19.0,20.0,16.0,0.0,0.0,0.0,0.0,0.0,0.0,0.0,0.0,3.0,3.0,3.0,1.0,0.0,3.0
4.8500000000000005,4.55,4.25,4.05,3.95,3.85,3.75,3.85,5.15,7.45,9.75,11.9,13.7,14.95,15.6,15.75,15.2,13.95,12.45,11.4,10.85,10.3,9.7,9.15,0.0,0.0,0.0,0.0,0.0,0.0,0.0,5.0,8.0,12.0,16.0,14.0,12.0,14.0,16.0,18.0,13.0,0.0,0.0,0.0,0.0,0.0,0.0,0.0,0.0,3.0,3.0,3.0,0.0,0.0,3.0
8.65,8.099999999999998,7.5,7.050000000000001,6.75,6.5,6.300000000000001,6.300000000000001,7.050000000000001,8.349999999999998,9.6,10.95,12.25,13.3,14.05,14.5,14.55,13.9,12.8,11.9,11.3,10.7,10.1,9.5,0.0,0.0,0.0,0.0,0.0,0.0,0.0,5.0,10.0,13.0,15.0,12.0,9.0,11.0,13.0,15.0,10.0,0.0,0.0,0.0,0.0,0.0,0.0,0.0,0.0,3.0,3.0,3.0,0.0,0.0,3.0
9.0,8.55,8.099999999999998,7.8,7.55,7.35,7.2,7.25,8.25,10.1,12.0,13.8,15.4,16.5,17.05,17.1,16.6,15.6,14.35,13.5,13.1,12.75,12.4,12.05,0.0,0.0,0.0,0.0,0.0,0.0,0.0,3.0,8.0,12.0,16.0,14.0,12.0,17.0,19.0,20.0,16.0,0.0,0.0,0.0,0.0,0.0,0.0,0.0,0.0,3.0,3.0,3.0,0.0,3.0,3.0
11.75,11.5,11.25,11.05,10.95,10.85,10.8,10.95,12.15,14.25,16.3,17.8,18.85,19.85,20.700000000000003,21.3,21.25,20.35,18.95,17.900000000000002,17.3,16.650000000000002,15.95,15.3,0.0,0.0,0.0,0.0,0.0,0.0,0.0,3.0,9.0,14.0,16.0,13.0,9.0,12.0,14.0,17.0,13.0,0.0,0.0,0.0,0.0,0.0,0.0,0.0,0.0,3.0,3.0,3.0,3.0,3.0,3.0
14.65,13.9,13.15,12.6,12.2,11.85,11.6,11.6,12.25,13.45,14.85,16.150000000000002,16.75,16.7,16.1,15.3,14.75,14.25,13.85,13.6,13.35,13.05,12.8,12.55,0.0,0.0,0.0,0.0,0.0,0.0,0.0,0.0,0.0,0.0,0.0,0.0,0.0,0.0,0.0,0.0,0.0,0.0,0.0,0.0,0.0,0.0,0.0,0.0,0.0,3.0,3.0,3.0,3.0,3.0,3.0
12.35,12.3,12.25,12.2,12.2,12.2,12.2,12.3,12.95,14.05,15.1,16.2,17.25,18.15,18.7,18.75,18.3,17.5,17.0,16.75,16.5,16.3,16.1,15.8,0.0,0.0,0.0,0.0,0.0,0.0,0.0,0.0,0.0,0.0,0.0,0.0,0.0,0.0,0.0,0.0,0.0,0.0,0.0,0.0,0.0,0.0,0.0,0.0,0.0,3.0,3.0,3.0,3.0,3.0,3.0
15.45,15.2,14.95,14.45,14.2,14.25,14.15,14.25,15.45,16.900000000000002,17.85,18.45,18.6,18.95,18.7,18.3,18.4,18.05,17.650000000000002,17.5,17.3,17.150000000000002,17.0,16.85,0.0,0.0,0.0,0.0,0.0,0.0,0.0,6.0,9.0,13.0,17.0,14.0,12.0,17.0,20.0,20.0,16.0,0.0,0.0,0.0,0.0,0.0,0.0,0.0,0.0,3.0,3.0,3.0,3.0,3.0,3.0
16.8,16.85,16.95,16.8,16.85,17.25,17.45,17.6,17.8,18.05,18.4,18.8,19.200000000000003,20.4,22.450000000000003,24.05,24.700000000000003,24.4,23.65,22.950000000000003,22.200000000000003,21.450000000000003,20.700000000000003,19.950000000000003,0.0,0.0,0.0,0.0,0.0,0.0,0.0,6.0,10.0,12.0,14.0,10.0,8.0,11.0,13.0,17.0,12.0,0.0,0.0,0.0,0.0,0.0,0.0,0.0,0.0,3.0,3.0,3.0,3.0,3.0,3.0
18.95,17.7,16.5,15.6,14.95,14.35,13.85,13.65,14.6,16.400000000000002,18.15,19.85,21.25,22.15,22.6,22.55,21.9,20.6,19.450000000000003,18.7,18.0,17.35,16.650000000000002,15.95,0.0,0.0,0.0,0.0,0.0,0.0,0.0,3.0,8.0,10.0,13.0,9.0,6.0,10.0,14.0,16.0,11.0,0.0,0.0,0.0,0.0,0.0,0.0,0.0,0.0,3.0,3.0,3.0,3.0,3.0,3.0
15.5,15.3,15.1,14.95,14.85,14.75,14.65,14.65,15.0,15.3,15.75,16.5,16.8,17.0,17.3,17.5,17.6,17.400000000000002,16.95,16.45,15.95,15.45,14.95,14.45,0.0,0.0,0.0,0.0,0.0,0.0,0.0,6.0,12.0,17.0,19.0,16.0,13.0,15.0,20.0,20.0,16.0,0.0,0.0,0.0,0.0,0.0,0.0,0.0,0.0,3.0,3.0,3.0,3.0,3.0,3.0
13.85,13.1,12.35,11.8,11.35,10.95,10.65,10.55,11.6,13.5,15.15,16.400000000000002,17.2,17.650000000000002,17.95,18.1,17.85,17.0,16.2,15.8,15.4,15.0,14.65,14.3,0.0,0.0,0.0,0.0,0.0,0.0,0.0,3.0,8.0,10.0,13.0,10.0,7.0,11.0,15.0,19.0,15.0,0.0,0.0,0.0,0.0,0.0,0.0,0.0,0.0,3.0,3.0,3.0,3.0,3.0,3.0
14.05,14.0,14.0,14.0,13.95,14.0,14.05,14.0,13.45,13.75,14.85,15.3,15.6,15.8,15.95,16.0,15.8,15.6,15.45,15.2,14.85,14.3,14.0,13.95,0.0,0.0,0.0,0.0,0.0,0.0,0.0,0.0,0.0,0.0,0.0,0.0,0.0,0.0,0.0,0.0,0.0,0.0,0.0,0.0,0.0,0.0,0.0,0.0,0.0,3.0,3.0,3.0,3.0,3.0,3.0
13.95,13.85,13.55,13.35,13.25,13.15,13.05,13.0,13.6,15.1,16.45,17.650000000000002,19.0,20.35,21.450000000000003,21.75,21.25,20.15,19.35,19.1,18.85,18.55,18.3,18.05,0.0,0.0,0.0,0.0,0.0,0.0,0.0,0.0,0.0,0.0,0.0,0.0,0.0,0.0,0.0,0.0,0.0,0.0,0.0,0.0,0.0,0.0,0.0,0.0,0.0,3.0,3.0,3.0,3.0,3.0,3.0
17.8,17.6,17.400000000000002,17.25,17.150000000000002,17.1,17.05,17.05,17.400000000000002,18.3,19.450000000000003,20.5,21.35,22.1,22.65,22.8,22.6,22.0,21.25,20.6,20.0,19.4,18.75,18.1,0.0,0.0,0.0,0.0,0.0,0.0,0.0,5.0,11.0,13.0,16.0,12.0,8.0,10.0,13.0,15.0,11.0,0.0,0.0,0.0,0.0,0.0,0.0,0.0,0.0,3.0,3.0,3.0,3.0,3.0,3.0
17.55,16.95,16.25,15.75,15.45,15.15,14.9,14.8,15.25,16.3,17.900000000000002,19.6,21.0,22.1,22.5,22.25,21.55,20.5,19.6,19.05,18.55,18.05,17.6,17.150000000000002,0.0,0.0,0.0,0.0,0.0,0.0,0.0,5.0,8.0,10.0,14.0,12.0,10.0,13.0,15.0,18.0,13.0,0.0,0.0,0.0,0.0,0.0,0.0,0.0,0.0,3.0,3.0,3.0,3.0,3.0,3.0
16.75,16.400000000000002,16.05,15.65,15.4,15.35,15.3,15.3,15.55,16.150000000000002,16.8,17.35,17.8,18.1,18.2,18.15,17.900000000000002,17.55,17.150000000000002,16.25,15.75,15.65,14.95,14.1,0.0,0.0,0.0,0.0,0.0,0.0,0.0,6.0,11.0,14.0,19.0,16.0,13.0,18.0,20.0,20.0,15.0,0.0,0.0,0.0,0.0,0.0,0.0,0.0,0.0,3.0,3.0,3.0,3.0,3.0,3.0
13.3,12.5,11.65,10.95,10.4,9.85,9.4,9.2,9.8,11.1,12.35,13.45,14.45,15.25,15.8,16.1,16.0,15.2,14.35,13.85,13.3,12.75,12.25,11.75,0.0,0.0,0.0,0.0,0.0,0.0,0.0,4.0,9.0,12.0,15.0,13.0,9.0,11.0,16.0,18.0,13.0,0.0,0.0,0.0,0.0,0.0,0.0,0.0,0.0,3.0,3.0,3.0,3.0,3.0,3.0
11.45,11.35,11.3,11.25,11.2,11.25,11.3,11.3,11.45,11.9,12.85,13.8,14.3,15.6,17.25,17.95,17.95,17.400000000000002,16.85,16.55,16.2,15.85,15.55,15.2,0.0,0.0,0.0,0.0,0.0,0.0,0.0,0.0,0.0,0.0,0.0,0.0,0.0,0.0,0.0,0.0,0.0,0.0,0.0,0.0,0.0,0.0,0.0,0.0,0.0,3.0,3.0,3.0,3.0,3.0,3.0
14.75,14.2,13.65,13.3,13.05,12.8,12.6,12.5,12.6,12.8,13.1,13.35,13.65,14.9,16.55,17.45,17.7,17.3,16.7,16.35,16.05,15.7,15.35,15.05,0.0,0.0,0.0,0.0,0.0,0.0,0.0,0.0,0.0,0.0,0.0,0.0,0.0,0.0,0.0,0.0,0.0,0.0,0.0,0.0,0.0,0.0,0.0,0.0,0.0,3.0,3.0,3.0,3.0,3.0,3.0
14.75,14.5,14.3,14.15,14.05,13.95,13.9,13.9,14.0,14.05,14.35,14.85,15.1,16.150000000000002,17.6,18.25,18.4,18.05,17.5,17.05,16.55,16.05,15.55,15.05,0.0,0.0,0.0,0.0,0.0,0.0,0.0,0.0,0.0,0.0,0.0,0.0,0.0,0.0,0.0,0.0,0.0,0.0,0.0,0.0,0.0,0.0,0.0,0.0,0.0,3.0,3.0,3.0,3.0,3.0,3.0
14.45,13.8,13.2,12.8,12.55,12.3,12.1,12.05,13.05,15.3,17.35,18.7,19.8,20.65,21.25,21.5,21.15,20.1,19.0,18.2,17.5,16.8,16.05,15.3,0.0,0.0,0.0,0.0,0.0,0.0,0.0,6.0,10.0,12.0,15.0,12.0,10.0,12.0,17.0,20.0,17.0,0.0,0.0,0.0,0.0,0.0,0.0,0.0,1.0,0.0,0.0,0.0,3.0,3.0,0.0
14.45,13.45,12.4,11.65,11.1,10.6,10.2,10.0,10.75,12.2,13.85,15.7,17.2,17.85,17.95,17.900000000000002,17.3,16.150000000000002,15.15,14.4,13.6,12.8,12.05,11.3,0.0,0.0,0.0,0.0,0.0,0.0,0.0,3.0,9.0,14.0,17.0,15.0,11.0,15.0,17.0,20.0,15.0,0.0,0.0,0.0,0.0,0.0,0.0,0.0,0.0,3.0,3.0,3.0,3.0,3.0,3.0
10.65,10.15,9.65,9.3,9.1,8.9,8.700000000000001,8.599999999999998,9.1,10.35,11.85,13.2,14.35,15.15,15.45,15.3,14.75,13.9,13.15,12.65,12.15,11.65,11.15,10.65,0.0,0.0,0.0,0.0,0.0,0.0,0.0,3.0,6.0,11.0,14.0,11.0,9.0,13.0,18.0,20.0,16.0,0.0,0.0,0.0,0.0,0.0,0.0,0.0,1.0,0.0,0.0,0.0,0.0,0.0,0.0
10.2,9.75,9.3,9.0,8.75,8.55,8.4,8.3,8.5,9.0,9.65,10.75,11.9,12.25,12.45,12.7,12.65,12.25,11.6,11.0,10.4,9.75,9.15,8.599999999999998,0.0,0.0,0.0,0.0,0.0,0.0,0.0,6.0,11.0,16.0,19.0,16.0,14.0,17.0,20.0,20.0,15.0,0.0,0.0,0.0,0.0,0.0,0.0,0.0,1.0,0.0,0.0,1.0,0.0,1.0,1.0
8.05,7.55,7.050000000000001,6.7,6.45,6.2,6.050000000000001,6.0,6.550000000000001,7.95,9.6,11.15,12.6,13.75,14.4,14.55,14.1,13.05,12.05,11.35,10.65,9.9,9.15,8.5,0.0,0.0,0.0,0.0,0.0,0.0,0.0,6.0,10.0,15.0,19.0,15.0,12.0,17.0,20.0,20.0,17.0,0.0,0.0,0.0,0.0,0.0,0.0,0.0,1.0,0.0,0.0,0.0,0.0,0.0,0.0
7.85,7.2,6.550000000000001,6.050000000000001,5.7,5.4,5.15,5.0,5.75,7.35,9.1,10.85,12.45,13.6,14.15,14.1,13.35,12.1,11.1,10.45,9.75,9.1,8.5,7.9,0.0,0.0,0.0,0.0,0.0,0.0,0.0,0.0,0.0,0.0,0.0,0.0,0.0,0.0,0.0,0.0,0.0,0.0,0.0,0.0,0.0,0.0,0.0,0.0,1.0,0.0,0.0,0.0,0.0,0.0,0.0
7.35,6.8500000000000005,6.3500000000000005,5.95,5.7,5.5,5.300000000000001,5.2,6.050000000000001,7.9,9.5,10.95,12.65,13.9,14.55,14.45,13.55,12.35,11.45,10.95,10.45,9.9,9.35,8.9,0.0,0.0,0.0,0.0,0.0,0.0,0.0,0.0,0.0,0.0,0.0,0.0,0.0,0.0,0.0,0.0,0.0,0.0,0.0,0.0,0.0,0.0,0.0,0.0,1.0,0.0,0.0,0.0,0.0,0.0,0.0
8.450000000000001,8.0,7.55,7.2,7.0,6.8500000000000005,6.7,6.6000000000000005,7.45,9.45,11.75,13.9,15.5,16.45,16.95,16.85,16.1,14.85,13.7,12.9,12.15,11.4,10.6,9.75,0.0,0.0,0.0,0.0,0.0,0.0,0.0,0.0,0.0,0.0,0.0,0.0,0.0,0.0,0.0,0.0,0.0,0.0,0.0,0.0,0.0,0.0,0.0,0.0,1.0,0.0,0.0,0.0,0.0,3.0,0.0
8.950000000000001,8.15,7.3,6.7,6.25,5.8500000000000005,5.550000000000001,5.3500000000000005,5.8500000000000005,7.25,8.9,10.55,12.0,13.0,13.55,13.6,13.0,11.8,10.9,10.45,10.0,9.55,9.1,8.700000000000001,0.0,0.0,0.0,0.0,0.0,0.0,0.0,3.0,6.0,10.0,12.0,10.0,6.0,8.0,11.0,13.0,8.0,0.0,0.0,0.0,0.0,0.0,0.0,0.0,1.0,0.0,0.0,0.0,0.0,0.0,0.0
8.450000000000001,8.349999999999998,8.25,8.200000000000001,8.200000000000001,8.15,8.099999999999998,8.099999999999998,8.4,9.25,10.3,10.9,10.95,11.9,13.45,14.25,14.4,13.85,13.15,12.65,12.1,11.55,11.05,10.5,0.0,0.0,0.0,0.0,0.0,0.0,0.0,4.0,9.0,12.0,14.0,11.0,7.0,9.0,14.0,19.0,14.0,0.0,0.0,0.0,0.0,0.0,0.0,0.0,1.0,0.0,0.0,1.0,0.0,0.0,0.0
9.8,9.05,8.349999999999998,7.8,7.4,7.050000000000001,6.800000000000001,6.65,7.35,9.3,11.75,14.15,16.2,17.650000000000002,18.45,18.55,17.8,16.25,15.0,14.45,13.9,13.3,12.7,12.1,0.0,0.0,0.0,0.0,0.0,0.0,0.0,3.0,6.0,11.0,16.0,13.0,10.0,15.0,19.0,20.0,15.0,0.0,0.0,0.0,0.0,0.0,0.0,0.0,1.0,0.0,0.0,0.0,0.0,0.0,0.0
11.6,11.15,10.7,10.4,10.25,10.1,9.95,9.9,10.65,12.7,15.15,16.85,17.6,17.8,17.55,17.05,16.35,15.45,14.55,13.7,12.9,12.05,11.2,10.4,0.0,0.0,0.0,0.0,0.0,0.0,0.0,3.0,6.0,9.0,14.0,12.0,9.0,13.0,17.0,20.0,16.0,0.0,0.0,0.0,0.0,0.0,0.0,0.0,0.0,3.0,3.0,3.0,3.0,3.0,3.0
9.5,8.55,7.6,6.8500000000000005,6.3500000000000005,5.95,5.6000000000000005,5.3500000000000005,5.7,6.800000000000001,8.25,9.7,10.9,11.75,12.2,12.1,11.45,10.45,9.6,9.05,8.55,8.05,7.55,7.050000000000001,0.0,0.0,0.0,0.0,0.0,0.0,0.0,0.0,0.0,0.0,0.0,0.0,0.0,0.0,0.0,0.0,0.0,0.0,0.0,0.0,0.0,0.0,0.0,0.0,0.0,3.0,3.0,3.0,0.0,0.0,3.0
6.7,6.5,6.300000000000001,6.15,6.050000000000001,6.0,5.9,5.8500000000000005,6.1000000000000005,6.800000000000001,8.0,8.849999999999998,9.15,9.6,9.95,10.25,10.4,9.95,9.35,8.849999999999998,8.349999999999998,7.85,7.35,6.8500000000000005,0.0,0.0,0.0,0.0,0.0,0.0,0.0,0.0,0.0,0.0,0.0,0.0,0.0,0.0,0.0,0.0,0.0,0.0,0.0,0.0,0.0,0.0,0.0,0.0,1.0,0.0,0.0,0.0,0.0,0.0,0.0
6.300000000000001,5.7,5.1000000000000005,4.65,4.3,4.0,3.75,3.6,3.6,3.65,3.8,4.2,4.7,5.15,5.45,5.5,5.300000000000001,4.8500000000000005,4.65,4.7,4.65,4.4,4.45,4.7,0.0,0.0,0.0,0.0,0.0,0.0,0.0,4.0,10.0,14.0,16.0,12.0,8.0,13.0,17.0,19.0,14.0,0.0,0.0,0.0,0.0,0.0,0.0,0.0,1.0,2.0,2.0,2.0,1.0,2.0,2.0
4.75,4.95,5.25,5.5,5.7,5.8500000000000005,5.95,6.0,6.2,6.7,7.35,8.0,8.55,9.0,9.3,9.3,9.15,8.9,8.65,8.5,8.4,8.0,7.9,8.0,0.0,0.0,0.0,0.0,0.0,0.0,0.0,5.0,10.0,13.0,16.0,14.0,11.0,15.0,20.0,20.0,16.0,0.0,0.0,0.0,0.0,0.0,0.0,0.0,1.0,1.0,1.0,1.0,1.0,1.0,1.0
7.8,7.65,7.2,6.95,7.0,6.95,6.8500000000000005,6.75,6.75,7.1000000000000005,7.75,8.450000000000001,8.950000000000001,9.3,9.7,10.0,9.9,9.4,9.0,8.75,8.450000000000001,8.15,7.85,7.55,0.0,0.0,0.0,0.0,0.0,0.0,0.0,4.0,8.0,11.0,16.0,13.0,10.0,15.0,17.0,19.0,16.0,0.0,0.0,0.0,0.0,0.0,0.0,0.0,1.0,1.0,1.0,1.0,1.0,1.0,1.0
7.3,7.050000000000001,6.75,6.550000000000001,6.4,6.15,5.8500000000000005,5.75,5.3500000000000005,5.4,6.300000000000001,6.8500000000000005,7.1000000000000005,7.3,7.35,7.35,7.3,7.050000000000001,6.65,6.4,6.300000000000001,6.0,5.75,5.550000000000001,0.0,0.0,0.0,0.0,0.0,0.0,0.0,6.0,9.0,12.0,16.0,12.0,10.0,12.0,15.0,17.0,12.0,0.0,0.0,0.0,0.0,0.0,0.0,0.0,1.0,1.0,1.0,1.0,1.0,1.0,1.0
5.3500000000000005,5.2,5.0,4.8500000000000005,4.7,4.6000000000000005,4.55,4.5,4.7,5.6000000000000005,6.9,8.0,8.9,9.45,9.6,9.45,8.950000000000001,8.200000000000001,7.8,7.75,7.65,7.6,7.55,7.5,0.0,0.0,0.0,0.0,0.0,0.0,0.0,3.0,9.0,14.0,19.0,16.0,14.0,19.0,20.0,20.0,15.0,0.0,0.0,0.0,0.0,0.0,0.0,0.0,1.0,1.0,1.0,1.0,1.0,1.0,1.0
7.5,7.45,7.4,7.45,7.5,7.55,7.6,7.6,7.7,8.25,9.0,9.45,9.9,10.3,10.5,10.5,10.2,9.8,9.4,9.15,8.950000000000001,8.65,8.25,7.7,0.0,0.0,0.0,0.0,0.0,0.0,0.0,0.0,0.0,0.0,0.0,0.0,0.0,0.0,0.0,0.0,0.0,0.0,0.0,0.0,0.0,0.0,0.0,0.0,1.0,0.0,0.0,0.0,0.0,0.0,0.0
7.4,7.1000000000000005,6.45,5.95,5.65,5.3500000000000005,5.050000000000001,4.800000000000001,4.75,4.9,5.050000000000001,5.25,5.550000000000001,6.45,7.65,8.25,8.25,7.75,7.1000000000000005,6.45,5.800000000000001,5.15,4.5,3.9,0.0,0.0,0.0,0.0,0.0,0.0,0.0,0.0,0.0,0.0,0.0,0.0,0.0,0.0,0.0,0.0,0.0,0.0,0.0,0.0,0.0,0.0,0.0,0.0,1.0,0.0,0.0,0.0,0.0,0.0,0.0
3.3000000000000003,2.7,2.0500000000000003,1.5,1.15,0.8,0.45,0.15000000000000002,0.2,1.55,3.7,5.5,6.8500000000000005,7.75,8.15,7.95,7.1000000000000005,5.800000000000001,4.75,4.1000000000000005,3.5,2.9000000000000004,2.25,1.6,0.0,0.0,0.0,0.0,0.0,0.0,0.0,4.0,7.0,12.0,15.0,13.0,10.0,14.0,18.0,20.0,15.0,0.0,0.0,0.0,0.0,0.0,0.0,0.0,1.0,1.0,1.0,1.0,1.0,1.0,1.0
1.15,0.8500000000000002,0.5,0.2,0.0,-0.2,-0.4,-0.55,-0.45,0.6000000000000001,2.35,3.95,5.2,5.95,6.25,6.0,5.2,4.1000000000000005,3.35,3.1,2.85,2.5500000000000003,2.25,1.95,0.0,0.0,0.0,0.0,0.0,0.0,0.0,6.0,12.0,14.0,18.0,16.0,14.0,17.0,20.0,20.0,15.0,0.0,0.0,0.0,0.0,0.0,0.0,0.0,1.0,1.0,2.0,2.0,2.0,2.0,2.0
1.85,1.9,1.95,2.0,2.0500000000000003,2.1,2.15,2.2,2.45,4.1000000000000005,5.8500000000000005,6.550000000000001,7.65,8.849999999999998,8.849999999999998,8.450000000000001,8.3,7.6,7.0,6.800000000000001,6.6000000000000005,6.4,6.2,5.95,0.0,0.0,0.0,0.0,0.0,0.0,0.0,6.0,9.0,13.0,18.0,14.0,11.0,16.0,20.0,20.0,16.0,0.0,0.0,0.0,0.0,0.0,0.0,0.0,1.0,1.0,1.0,1.0,1.0,1.0,1.0
5.6000000000000005,5.2,4.800000000000001,4.5,4.25,4.0,3.85,3.7,3.8,5.1000000000000005,7.35,9.35,10.7,11.45,11.7,11.35,10.35,9.1,8.4,8.15,7.9,7.65,7.4,7.2,0.0,0.0,0.0,0.0,0.0,0.0,0.0,4.0,10.0,13.0,17.0,14.0,10.0,14.0,17.0,20.0,15.0,0.0,0.0,0.0,0.0,0.0,0.0,0.0,1.0,1.0,1.0,1.0,1.0,1.0,1.0
7.0,6.8500000000000005,6.75,6.7,6.7,6.7,6.7,6.7,6.800000000000001,7.5,9.15,11.5,13.35,14.4,14.65,13.75,12.55,11.55,10.95,10.65,10.35,10.1,9.8,9.5,0.0,0.0,0.0,0.0,0.0,0.0,0.0,3.0,8.0,12.0,17.0,14.0,11.0,16.0,18.0,20.0,17.0,0.0,0.0,0.0,0.0,0.0,0.0,0.0,1.0,0.0,0.0,0.0,0.0,0.0,1.0
9.1,8.55,8.05,7.7,7.5,7.25,7.050000000000001,6.95,7.1000000000000005,8.55,11.0,13.25,15.1,16.45,17.150000000000002,17.05,16.2,14.85,13.8,13.25,12.7,12.15,11.6,11.05,0.0,0.0,0.0,0.0,0.0,0.0,0.0,0.0,0.0,0.0,0.0,0.0,0.0,0.0,0.0,0.0,0.0,0.0,0.0,0.0,0.0,0.0,0.0,0.0,1.0,0.0,0.0,0.0,0.0,0.0,0.0
10.4,9.6,8.849999999999998,8.3,7.9,7.5,7.15,6.9,6.95,8.15,10.3,12.35,14.05,15.3,15.95,15.95,15.2,13.8,12.8,12.4,12.0,11.6,11.2,10.8,0.0,0.0,0.0,0.0,0.0,0.0,0.0,0.0,0.0,0.0,0.0,0.0,0.0,0.0,0.0,0.0,0.0,0.0,0.0,0.0,0.0,0.0,0.0,0.0,0.0,3.0,3.0,3.0,0.0,0.0,3.0
10.45,10.15,9.85,9.6,9.45,9.3,9.15,9.05,9.05,9.35,9.95,10.55,11.0,11.3,11.45,11.45,11.2,10.8,10.4,9.95,9.5,9.05,8.599999999999998,8.05,0.0,0.0,0.0,0.0,0.0,0.0,0.0,6.0,9.0,11.0,15.0,11.0,8.0,12.0,16.0,20.0,17.0,0.0,0.0,0.0,0.0,0.0,0.0,0.0,1.0,0.0,1.0,1.0,0.0,1.0,1.0
7.7,7.5,7.1000000000000005,6.800000000000001,6.550000000000001,6.300000000000001,6.15,6.0,6.0,6.15,6.3500000000000005,7.15,8.15,8.950000000000001,9.75,10.25,10.1,9.45,8.849999999999998,8.4,8.0,7.55,7.1000000000000005,6.65,0.0,0.0,0.0,0.0,0.0,0.0,0.0,4.0,8.0,12.0,17.0,14.0,10.0,15.0,18.0,20.0,17.0,0.0,0.0,0.0,0.0,0.0,0.0,0.0,1.0,1.0,1.0,1.0,1.0,1.0,1.0
6.2,5.800000000000001,5.4,5.1000000000000005,4.9,4.7,4.5,4.3500000000000005,4.3500000000000005,5.1000000000000005,6.300000000000001,7.3,8.200000000000001,8.8,9.0,8.9,8.450000000000001,7.75,7.050000000000001,6.3500000000000005,5.7,5.050000000000001,4.3500000000000005,3.65,0.0,0.0,0.0,0.0,0.0,0.0,0.0,6.0,9.0,11.0,16.0,14.0,12.0,16.0,20.0,20.0,16.0,0.0,0.0,0.0,0.0,0.0,0.0,0.0,1.0,1.0,1.0,1.0,1.0,1.0,1.0
2.95,2.25,1.5,0.95,0.6000000000000001,0.2,-0.15000000000000002,-0.4,-0.4,1.0,3.5,5.75,7.6,8.9,9.55,9.5,8.65,7.2,6.1000000000000005,5.5,4.9,4.25,3.6,3.0,0.0,0.0,0.0,0.0,0.0,0.0,0.0,4.0,8.0,12.0,15.0,13.0,11.0,16.0,20.0,20.0,15.0,0.0,0.0,0.0,0.0,0.0,0.0,0.0,1.0,1.0,1.0,1.0,1.0,1.0,1.0
2.5,2.0500000000000003,1.55,1.2000000000000002,1.0,0.75,0.55,0.4,0.45,2.1,5.0,7.65,9.85,11.4,12.2,12.15,11.1,9.35,8.200000000000001,7.8,7.45,7.1000000000000005,6.7,6.300000000000001,0.0,0.0,0.0,0.0,0.0,0.0,0.0,4.0,10.0,14.0,16.0,12.0,9.0,13.0,15.0,18.0,13.0,0.0,0.0,0.0,0.0,0.0,0.0,0.0,1.0,1.0,1.0,1.0,1.0,1.0,1.0
5.95,5.6000000000000005,5.25,5.0,4.800000000000001,4.6000000000000005,4.45,4.3500000000000005,4.45,6.1000000000000005,8.65,10.7,12.25,13.0,13.25,12.85,11.8,10.55,9.7,9.3,8.950000000000001,8.599999999999998,8.25,7.9,0.0,0.0,0.0,0.0,0.0,0.0,0.0,0.0,0.0,0.0,0.0,0.0,0.0,0.0,0.0,0.0,0.0,0.0,0.0,0.0,0.0,0.0,0.0,0.0,1.0,0.0,0.0,0.0,0.0,0.0,0.0
7.55,7.2,6.800000000000001,6.5,6.300000000000001,6.1000000000000005,5.95,5.800000000000001,5.9,7.45,10.15,12.25,13.6,14.55,15.15,15.25,14.45,13.0,12.15,12.05,11.95,11.85,11.7,11.55,0.0,0.0,0.0,0.0,0.0,0.0,0.0,0.0,0.0,0.0,0.0,0.0,0.0,0.0,0.0,0.0,0.0,0.0,0.0,0.0,0.0,0.0,0.0,0.0,1.0,0.0,0.0,0.0,0.0,0.0,0.0
11.5,11.5,11.5,11.5,11.55,11.6,11.6,11.6,11.65,12.0,12.6,13.1,13.25,13.45,13.8,13.8,13.65,13.45,13.2,12.95,12.65,12.45,12.3,12.05,0.0,0.0,0.0,0.0,0.0,0.0,0.0,6.0,9.0,13.0,15.0,11.0,7.0,9.0,11.0,13.0,10.0,0.0,0.0,0.0,0.0,0.0,0.0,0.0,1.0,0.0,0.0,0.0,3.0,3.0,0.0
11.6,10.95,10.3,9.8,9.45,9.15,8.9,8.700000000000001,8.65,9.7,11.65,13.35,14.8,15.9,16.5,16.55,15.9,14.8,13.8,13.05,12.3,11.55,10.8,10.0,0.0,0.0,0.0,0.0,0.0,0.0,0.0,6.0,9.0,13.0,15.0,12.0,10.0,15.0,18.0,20.0,17.0,0.0,0.0,0.0,0.0,0.0,0.0,0.0,1.0,0.0,0.0,0.0,0.0,0.0,0.0
9.25,8.5,7.7,7.1000000000000005,6.7,6.25,5.8500000000000005,5.550000000000001,5.45,6.5,8.450000000000001,10.4,12.15,13.3,13.8,13.6,12.7,11.35,10.35,9.85,9.35,8.849999999999998,8.4,7.95,0.0,0.0,0.0,0.0,0.0,0.0,0.0,6.0,11.0,13.0,16.0,14.0,10.0,14.0,17.0,20.0,16.0,0.0,0.0,0.0,0.0,0.0,0.0,0.0,1.0,0.0,0.0,1.0,1.0,0.0,0.0
7.55,7.25,7.0,6.800000000000001,6.65,6.5,6.3500000000000005,6.25,6.25,6.45,7.1000000000000005,7.95,8.450000000000001,8.700000000000001,8.849999999999998,8.8,8.55,8.200000000000001,7.85,7.55,7.25,6.95,6.6000000000000005,6.300000000000001,0.0,0.0,0.0,0.0,0.0,0.0,0.0,3.0,7.0,11.0,14.0,11.0,9.0,13.0,18.0,20.0,17.0,0.0,0.0,0.0,0.0,0.0,0.0,0.0,1.0,1.0,1.0,1.0,1.0,1.0,1.0
6.050000000000001,5.800000000000001,5.6000000000000005,5.4,5.25,5.15,4.95,4.9,5.0,5.15,5.4,5.6000000000000005,5.75,6.65,7.95,8.599999999999998,8.65,8.200000000000001,7.85,7.7,7.5,7.35,7.2,7.050000000000001,0.0,0.0,0.0,0.0,0.0,0.0,0.0,3.0,7.0,10.0,15.0,12.0,9.0,14.0,16.0,18.0,15.0,0.0,0.0,0.0,0.0,0.0,0.0,0.0,1.0,1.0,1.0,1.0,1.0,1.0,1.0
6.9,6.75,6.65,6.550000000000001,6.5,6.5,6.5,6.5,6.5,6.7,6.95,7.25,7.6,8.55,9.95,10.7,10.8,10.4,9.8,9.2,8.65,8.099999999999998,7.55,7.050000000000001,0.0,0.0,0.0,0.0,0.0,0.0,0.0,0.0,0.0,0.0,0.0,0.0,0.0,0.0,0.0,0.0,0.0,0.0,0.0,0.0,0.0,0.0,0.0,0.0,1.0,0.0,0.0,0.0,0.0,0.0,0.0
6.300000000000001,5.300000000000001,4.3,3.5,2.95,2.4000000000000004,1.9,1.4500000000000002,1.15,1.35,1.75,1.95,2.0500000000000003,2.35,2.5500000000000003,2.3000000000000003,1.95,1.6,1.2000000000000002,0.8500000000000002,0.45,0.15000000000000002,-0.1,-0.45,0.0,0.0,0.0,0.0,0.0,0.0,0.0,0.0,0.0,0.0,0.0,0.0,0.0,0.0,0.0,0.0,0.0,0.0,0.0,0.0,0.0,0.0,0.0,0.0,1.0,0.0,1.0,0.0,0.0,0.0,1.0
-0.55,-0.4,-0.2,-0.05,0.05,0.15000000000000002,0.25,0.35000000000000003,0.45,1.15,2.4000000000000004,3.85,5.3500000000000005,6.4,7.050000000000001,7.1000000000000005,6.65,5.9,5.5,5.7,5.9,6.1000000000000005,6.300000000000001,6.45,0.0,0.0,0.0,0.0,0.0,0.0,0.0,5.0,11.0,15.0,18.0,16.0,14.0,16.0,18.0,20.0,15.0,0.0,0.0,0.0,0.0,0.0,0.0,0.0,1.0,2.0,1.0,2.0,1.0,2.0,1.0
6.45,6.3500000000000005,6.25,6.2,6.2,6.15,6.1000000000000005,6.1000000000000005,6.15,6.75,7.7,8.75,10.05,11.3,12.2,12.55,12.25,11.4,10.75,10.45,10.15,9.85,9.55,9.25,0.0,0.0,0.0,0.0,0.0,0.0,0.0,4.0,7.0,10.0,14.0,11.0,9.0,13.0,17.0,20.0,15.0,0.0,0.0,0.0,0.0,0.0,0.0,0.0,1.0,1.0,1.0,1.0,1.0,1.0,1.0
8.9,8.5,8.099999999999998,7.75,7.5,7.3,7.1000000000000005,6.9,6.8500000000000005,7.9,9.2,10.35,11.6,12.4,12.9,13.0,12.75,11.95,11.2,10.8,10.4,9.95,9.55,9.2,0.0,0.0,0.0,0.0,0.0,0.0,0.0,3.0,6.0,10.0,12.0,8.0,4.0,7.0,12.0,16.0,12.0,0.0,0.0,0.0,0.0,0.0,0.0,0.0,1.0,0.0,0.0,0.0,0.0,0.0,0.0
8.849999999999998,8.599999999999998,8.4,8.3,8.25,8.15,8.099999999999998,8.099999999999998,8.15,8.65,9.75,11.05,12.6,14.4,15.4,15.1,14.15,13.15,12.4,11.8,11.15,10.5,9.85,9.2,0.0,0.0,0.0,0.0,0.0,0.0,0.0,4.0,9.0,14.0,19.0,15.0,11.0,16.0,20.0,20.0,16.0,0.0,0.0,0.0,0.0,0.0,0.0,0.0,1.0,0.0,0.0,0.0,0.0,0.0,0.0
8.5,7.6,6.65,5.95,5.45,4.95,4.5,4.1000000000000005,3.9,4.6000000000000005,6.050000000000001,7.7,9.05,9.85,10.45,10.6,9.9,8.700000000000001,7.85,7.4,6.95,6.5,6.050000000000001,5.550000000000001,0.0,0.0,0.0,0.0,0.0,0.0,0.0,5.0,11.0,15.0,17.0,14.0,10.0,12.0,14.0,19.0,14.0,0.0,0.0,0.0,0.0,0.0,0.0,0.0,1.0,1.0,1.0,1.0,1.0,1.0,1.0
5.25,5.15,5.050000000000001,5.0,5.0,5.0,5.0,5.0,5.1000000000000005,6.2,8.099999999999998,9.95,11.95,13.85,15.15,15.6,15.05,13.7,12.65,12.1,11.55,11.0,10.45,9.9,0.0,0.0,0.0,0.0,0.0,0.0,0.0,0.0,0.0,0.0,0.0,0.0,0.0,0.0,0.0,0.0,0.0,0.0,0.0,0.0,0.0,0.0,0.0,0.0,1.0,0.0,0.0,0.0,0.0,0.0,0.0
9.2,8.349999999999998,7.5,6.8500000000000005,6.4,5.95,5.5,5.1000000000000005,4.8500000000000005,4.65,4.3500000000000005,3.7,3.4000000000000004,3.5500000000000003,3.5,3.75,4.0,4.0,3.75,3.25,2.7,2.2,1.55,1.0,0.0,0.0,0.0,0.0,0.0,0.0,0.0,0.0,0.0,0.0,0.0,0.0,0.0,0.0,0.0,0.0,0.0,0.0,0.0,0.0,0.0,0.0,0.0,0.0,1.0,0.0,0.0,0.0,0.0,0.0,0.0
0.75,0.45,0.1,-0.2,-0.4,-0.6000000000000001,-0.8,-0.95,-0.95,-0.2,0.7000000000000001,1.4,1.95,2.15,2.7,3.3000000000000003,3.4000000000000004,2.9000000000000004,2.45,2.3000000000000003,2.15,2.0500000000000003,1.95,1.85,0.0,0.0,0.0,0.0,0.0,0.0,0.0,5.0,9.0,14.0,17.0,14.0,11.0,13.0,16.0,19.0,15.0,0.0,0.0,0.0,0.0,0.0,0.0,0.0,1.0,2.0,2.0,2.0,2.0,2.0,2.0
1.85,1.95,2.1,2.25,2.35,2.5,2.6500000000000004,2.75,2.85,3.35,4.1000000000000005,4.75,6.1000000000000005,7.8,9.0,9.75,9.5,8.599999999999998,7.9,7.3,6.75,6.2,5.65,5.1000000000000005,0.0,0.0,0.0,0.0,0.0,0.0,0.0,3.0,7.0,11.0,13.0,10.0,7.0,9.0,12.0,14.0,10.0,0.0,0.0,0.0,0.0,0.0,0.0,0.0,1.0,1.0,1.0,1.0,1.0,1.0,1.0
4.3,3.25,2.15,1.25,0.6000000000000001,0.0,-0.55,-1.05,-1.35,-1.15,-0.55,0.15000000000000002,0.8,1.3,1.55,1.4500000000000002,1.0,0.35000000000000003,-0.30000000000000004,-0.8500000000000002,-1.35,-1.9,-2.45,-3.0,0.0,0.0,0.0,0.0,0.0,0.0,0.0,0.0,0.0,0.0,0.0,0.0,0.0,0.0,0.0,0.0,0.0,0.0,0.0,0.0,0.0,0.0,0.0,0.0,1.0,0.0,1.0,0.0,0.0,1.0,1.0
-3.25,-3.25,-3.3000000000000003,-3.35,-3.45,-3.5,-3.5500000000000003,-3.6,-3.6,-3.0,-1.4500000000000002,0.15000000000000002,1.15,1.75,2.0500000000000003,1.75,1.1,0.30000000000000004,-0.30000000000000004,-0.55,-0.8,-1.0,-1.2000000000000002,-1.4500000000000002,0.0,0.0,0.0,0.0,0.0,0.0,0.0,6.0,11.0,14.0,18.0,14.0,10.0,12.0,14.0,16.0,11.0,0.0,0.0,0.0,0.0,0.0,0.0,0.0,1.0,2.0,2.0,2.0,2.0,2.0,2.0
-1.55,-1.4,-1.25,-1.15,-1.05,-0.95,-0.8500000000000002,-0.75,-0.65,0.15000000000000002,1.85,3.5500000000000003,4.95,5.95,6.550000000000001,6.65,6.1000000000000005,5.2,4.6000000000000005,4.45,4.3,4.15,4.0,3.85,0.0,0.0,0.0,0.0,0.0,0.0,0.0,5.0,11.0,13.0,18.0,15.0,13.0,17.0,20.0,20.0,15.0,0.0,0.0,0.0,0.0,0.0,0.0,0.0,1.0,2.0,2.0,2.0,2.0,2.0,2.0
3.6,3.1500000000000004,2.7,2.4000000000000004,2.15,1.9,1.7000000000000002,1.5,1.4500000000000002,2.2,3.6,5.15,6.65,7.75,8.349999999999998,8.4,7.95,7.0,6.3500000000000005,6.300000000000001,6.300000000000001,6.25,6.2,6.2,0.0,0.0,0.0,0.0,0.0,0.0,0.0,0.0,0.0,0.0,0.0,0.0,0.0,0.0,0.0,0.0,0.0,0.0,0.0,0.0,0.0,0.0,0.0,0.0,1.0,0.0,0.0,0.0,0.0,0.0,0.0
6.25,6.4,6.550000000000001,6.65,6.800000000000001,6.95,7.050000000000001,7.15,7.2,7.55,8.25,8.9,9.5,10.05,10.45,10.6,10.45,10.05,9.45,9.2,9.2,8.950000000000001,8.599999999999998,8.3,0.0,0.0,0.0,0.0,0.0,0.0,0.0,0.0,0.0,0.0,0.0,0.0,0.0,0.0,0.0,0.0,0.0,0.0,0.0,0.0,0.0,0.0,0.0,0.0,1.0,0.0,0.0,0.0,0.0,0.0,0.0
7.8,6.95,6.0,5.25,4.7,4.15,3.65,3.2,2.95,3.0,3.1500000000000004,3.25,3.35,3.4000000000000004,3.35,3.25,3.0,2.5500000000000003,2.25,1.95,1.55,1.15,0.7000000000000001,0.30000000000000004,0.0,0.0,0.0,0.0,0.0,0.0,0.0,4.0,8.0,10.0,14.0,12.0,9.0,13.0,18.0,20.0,16.0,0.0,0.0,0.0,0.0,0.0,0.0,0.0,1.0,2.0,2.0,2.0,2.0,2.0,2.0
